study_id,from_table,from_column,function_name,from_where_clause,from_where_column,mapped_string,mapped_number,mapped_concept_vocabulary_id,mapped_concept_code,transform_factor,transform_shift,id,to_concept_vocabulary_id,to_concept_code
6,atmosphere.test,race,map_number,,,,2,,,,,489,SNOMED,15086000
6,atmosphere.test,race,map_number,,,,1,,,,,490,SNOMED,413773004
6,atmosphere.test,race,map_number,,,,3,,,,,491,SNOMED,413582008
6,atmosphere.test,copd_flg1,map_number,,,,0,,,,,147,SNOMED,373067005
6,atmosphere.test,stabang,map_number,,,,0,,,,,148,SNOMED,373067005
2,hfaction.analysis,racec,map_number,,,,1,,,,,476,SNOMED,15086000
2,hfaction.analysis,racec,map_number,,,,2,,,,,477,SNOMED,413773004
2,hfaction.analysis,racec,map_number,,,,3,,,,,478,SNOMED,413582008
2,hfaction.analysis,racec,map_number,,,,4,,,,,479,SNOMED,413491005
2,hfaction.analysis,racec,map_number,,,,5,,,,,480,SNOMED,413581001
4,topcat.t003,race_cat,map_number,,,,1,,,,,482,SNOMED,413773004
5,paradigm.test,race,map_number,,,,2,,,,,485,SNOMED,15086000
5,paradigm.test,race,map_number,,,,1,,,,,486,SNOMED,413773004
5,paradigm.test,race,map_number,,,,3,,,,,487,SNOMED,413582008
3,scdheft.rdemog,race_redact,map_string,,,African American,,,,,,471,SNOMED,15086000
2,hfaction.analysis,sex,map_number,,,,1,,,,,31,SNOMED,703117000
1,best.pcsf,pcsex,map_number,,,,1,,,,,32,SNOMED,703117000
6,atmosphere.test,mi_flg1,map_number,,,,0,,,,,149,SNOMED,373067005
6,atmosphere.test,stk_flg1,map_number,,,,0,,,,,150,SNOMED,373067005
6,atmosphere.test,cursmk1c,map_number,,,,0,,,,,151,SNOMED,373067005
6,atmosphere.test,pci_flg1,map_number,,,,0,,,,,152,SNOMED,373067005
6,atmosphere.test,af_flg1,map_number,,,,0,,,,,153,SNOMED,373067005
6,atmosphere.test,lip_flg2,map_number,,,,0,,,,,154,SNOMED,373067005
6,atmosphere.test,icd_flg1,map_number,,,,0,,,,,156,SNOMED,373067005
6,atmosphere.test,ctd_flg1,map_number,,,,0,,,,,157,SNOMED,373067005
6,atmosphere.test,hyp_flg1,map_number,,,,0,,,,,158,SNOMED,373067005
6,atmosphere.test,ich_flg1,map_number,,,,0,,,,,159,SNOMED,373067005
6,atmosphere.test,dbt_flg1,map_number,,,,0,,,,,160,SNOMED,373067005
6,atmosphere.test,lbbb_ecg,map_number,,,,0,,,,,161,SNOMED,373067005
6,atmosphere.test,rbbb_ecg,map_number,,,,0,,,,,162,SNOMED,373067005
6,atmosphere.test,ang_flg1,map_number,,,,0,,,,,163,SNOMED,373067005
6,atmosphere.test,angiosten,map_number,,,,0,,,,,164,SNOMED,373067005
6,atmosphere.test,vhd_flg1,map_number,,,,0,,,,,165,SNOMED,373067005
6,atmosphere.test,crt_flg1,map_number,,,,0,,,,,166,SNOMED,373067005
6,atmosphere.test,trtnrand,map_number,,,,0,,,,,194,SNOMED,373067005
6,atmosphere.test,cbg_flg1,map_number,,,,0,,,,,355,SNOMED,373067005
3,scdheft.baseline_new,gender,map_number,,,,1,,,,,33,SNOMED,703117000
4,topcat.t003,gender,map_number,,,,1,,,,,34,SNOMED,703117000
24,bari2d.BARI2D_BL,sex,map_number,,,,1,,,,,35,SNOMED,703117000
22,aimhigh.PATIENT,sex,map_number,,,,1,,,,,36,SNOMED,703117000
5,paradigm.test,sex1c,map_number,,,,1,,,,,38,SNOMED,703117000
3,scdheft.rdemog,race_redact,map_string,,,Asian,,,,,,473,SNOMED,413582008
3,scdheft.rdemog,race_redact,map_string,,,Latin American,,,,,,474,SNOMED,414408004
24,bari2d.BARI2D_LONG,insulin,map_number,-1,fuper,,0,,,,,303,SNOMED,373067005
24,bari2d.BARI2D_LONG,apa,map_number,-1,fuper,,0,,,,,304,SNOMED,373067005
22,aimhigh.CONMED,cm_ccb,map_number,Baseline,visit,,0,,,,,305,SNOMED,373067005
6,atmosphere.test,sex1c,map_number,,,,1,,,,,40,SNOMED,703117000
6,atmosphere.test,sex1c,map_number,,,,2,,,,,49,SNOMED,703118005
1,best.pcsf,pcrace,map_number,,,,2,,,,,498,SNOMED,15086000
6,atmosphere.test,cbg_flg1,map_number,,,,1,,,,,155,SNOMED,373066001
6,atmosphere.test,copd_flg1,map_number,,,,1,,,,,195,SNOMED,373066001
6,atmosphere.test,stabang,map_number,,,,1,,,,,196,SNOMED,373066001
6,atmosphere.test,af_flg1,map_number,,,,1,,,,,353,SNOMED,373066001
6,atmosphere.test,lip_flg2,map_number,,,,1,,,,,354,SNOMED,373066001
1,best.pcsf,pcrace,map_number,,,,1,,,,,499,SNOMED,413773004
1,best.pcsf,pcrace,map_number,,,,4,,,,,500,SNOMED,413582008
1,best.pcsf,pcrace,map_number,,,,3,,,,,501,SNOMED,414408004
1,best.pcsf,pcrace,map_number,,,,5,,,,,503,SNOMED,413491005
4,topcat.t003,race_cat,map_number,,,,2,,,,,481,SNOMED,15086000
24,bari2d.BARI2D_BL,acei,map_number,-1,fuper,,0,,,,,301,SNOMED,373067005
23,allhat.DOX_VSC,sex,map_number,,,,1,,,,,37,SNOMED,703117000
24,bari2d.BARI2D_BL,arb,map_number,-1,fuper,,0,,,,,302,SNOMED,373067005
22,aimhigh.PATIENT,race,map_number,,,,3,,,,,493,SNOMED,15086000
22,aimhigh.PATIENT,race,map_number,,,,5,,,,,494,SNOMED,413773004
22,aimhigh.PATIENT,race,map_number,,,,2,,,,,495,SNOMED,413582008
24,bari2d.BARI2D_BL,race,map_number,,,,2,,,,,508,SNOMED,15086000
23,allhat.DOX_VSC,race,map_number,,,,1,,,,,510,SNOMED,413773004
21,accord.ACCORD_KEY,raceclass,map_string,,,Black,,,,,,504,SNOMED,15086000
21,accord.ACCORD_KEY,raceclass,map_string,,,White,,,,,,505,SNOMED,413773004
10,test.data,sex1c,map_number,,,,1,,,,,39,SNOMED,703117000
2,hfaction.analysis,sex,map_number,,,,2,,,,,41,SNOMED,703118005
1,best.pcsf,pcsex,map_number,,,,2,,,,,42,SNOMED,703118005
3,scdheft.baseline_new,gender,map_number,,,,2,,,,,43,SNOMED,703118005
4,topcat.t003,gender,map_number,,,,2,,,,,44,SNOMED,703118005
24,bari2d.BARI2D_BL,sex,map_number,,,,2,,,,,45,SNOMED,703118005
5,paradigm.test,sex1c,map_number,,,,2,,,,,47,SNOMED,703118005
10,test.data,sex1c,map_number,,,,2,,,,,48,SNOMED,703118005
21,accord.ACCORD_KEY,female,map_number,,,,0,,,,,50,SNOMED,703117000
21,accord.ACCORD_KEY,female,map_number,,,,1,,,,,51,SNOMED,703118005
22,aimhigh.PATIENT,sex,map_number,,,,0,,,,,52,SNOMED,703118005
3,scdheft.basecrf,bcabg,map_number,,,,0,,,,,53,SNOMED,373067005
3,scdheft.basecrf,bhypert,map_number,,,,0,,,,,54,SNOMED,373067005
3,scdheft.baseline_new,afecg,map_number,,,,0,,,,,55,SNOMED,373067005
3,scdheft.basecrf,bptca,map_number,,,,0,,,,,56,SNOMED,373067005
6,atmosphere.test,wgt_b1,linear_equation,,,,,,,2.2,0,532,,
3,scdheft.basecrf,bsmoke,map_number,,,,0,,,,,57,SNOMED,373067005
3,scdheft.basecrf,cmdiab,map_number,,,,0,,,,,58,SNOMED,373067005
3,scdheft.basecrf,cvalvdz,map_number,,,,0,,,,,59,SNOMED,373067005
3,scdheft.basecrf,bhyperl,map_number,,,,0,,,,,60,SNOMED,373067005
3,scdheft.basecrf,cstroke,map_number,,,,0,,,,,61,SNOMED,373067005
3,scdheft.basecrf,crang,map_number,,,,0,,,,,62,SNOMED,373067005
3,scdheft.basecrf,ceang,map_number,,,,0,,,,,63,SNOMED,373067005
3,scdheft.basecrf,bmi,map_number,,,,0,,,,,64,SNOMED,373067005
3,scdheft.basecrf,bcabg,map_number,,,,1,,,,,65,SNOMED,373066001
3,scdheft.basecrf,bhypert,map_number,,,,1,,,,,66,SNOMED,373066001
3,scdheft.baseline_new,afecg,map_number,,,,1,,,,,67,SNOMED,373066001
3,scdheft.basecrf,bptca,map_number,,,,1,,,,,68,SNOMED,373066001
3,scdheft.basecrf,bsmoke,map_number,,,,1,,,,,69,SNOMED,373066001
3,scdheft.basecrf,cmdiab,map_number,,,,1,,,,,70,SNOMED,373066001
3,scdheft.basecrf,cvalvdz,map_number,,,,1,,,,,71,SNOMED,373066001
3,scdheft.basecrf,bhyperl,map_number,,,,1,,,,,72,SNOMED,373066001
3,scdheft.basecrf,cstroke,map_number,,,,1,,,,,73,SNOMED,373066001
3,scdheft.basecrf,crang,map_number,,,,1,,,,,74,SNOMED,373066001
3,scdheft.basecrf,ceang,map_number,,,,1,,,,,75,SNOMED,373066001
3,scdheft.basecrf,bmi,map_number,,,,1,,,,,76,SNOMED,373066001
4,topcat.t007_allvisits_bysub,ace_yn,map_number,BASE,visit,,1,,,,,77,SNOMED,373066001
2,hfaction.analysis,weightkg,linear_equation,,,,,,,2.2,0,515,,
3,scdheft.baseline_new,weightkg,linear_equation,,,,,,,2.2,0,523,,
5,paradigm.test,wgt_b1,linear_equation,,,,,,,2.2,0,525,,
10,test.data,d,linear_equation,,,,,,,2.2,0,535,,
2,hfaction.analysis,heightcm,linear_equation,,,,,,,0.3937,0,516,,
5,paradigm.test,hf_flg1,linear_equation,,,,,,,12,0,527,,
4,topcat.t007_allvisits_bysub,arb_yn,map_number,BASE,visit,,1,,,,,78,SNOMED,373066001
22,aimhigh.PATIENT,smoke,map_number,,,,1,,,,,537,LOINC,LA18978-9
4,topcat.t030,term_dt_1,linear_equation,,,,,,,365.25,0,528,,
4,topcat.t079,site_dt3,linear_equation,,,,,,,365.25,0,529,,
6,atmosphere.test,dbt_flg1,map_number,,,,1,,,,,360,SNOMED,373066001
6,atmosphere.test,lbbb_ecg,map_number,,,,1,,,,,361,SNOMED,373066001
6,atmosphere.test,rbbb_ecg,map_number,,,,1,,,,,362,SNOMED,373066001
6,atmosphere.test,ang_flg1,map_number,,,,1,,,,,363,SNOMED,373066001
4,topcat.t079,date_death,linear_equation,,,,,,,365.25,0,530,,
4,topcat.t079,cec_dt3,linear_equation,,,,,,,365.25,0,531,,
1,best.ecg,ecqr,linear_equation,,,,,,,10,0,524,,
5,paradigm.test,hct_1,linear_equation,,,,,,,100,0,526,,
1,best.clab1,clabil,not_used,,,,,,,,0,519,,
1,best.clab2,clacho,not_used,,,,,,,,0,517,,
1,best.clab2,claua,not_used,,,,,,,,0,518,,
1,best.cvh2,cvcad,not_used,,,,,,,,0,520,,
1,best.diab,diahis,not_used,,,,,,,,0,521,,
1,best.clab2,clatri,not_used,,,,,,,,0,522,,
6,atmosphere.test,hct_1,linear_equation,,,,,,,100,0,533,,
6,atmosphere.test,hf_flg1,linear_equation,,,,,,,12,0,534,,
6,atmosphere.test,trtnrand,map_number,,,,1,,,,,348,SNOMED,373066001
3,scdheft.basecrf,btx,map_number,,,,1,,,,,540,SNOMED,373067005
3,scdheft.basecrf,btx,map_number,,,,2,,,,,541,SNOMED,373066001
22,aimhigh.PATIENT,smoke,map_number,,,,2,,,,,542,LOINC,64234-8
22,aimhigh.PATIENT,smoke,map_number,,,,4,,,,,543,LOINC,LA15920-4
23,allhat.DOX_VSC,race,map_number,,,,2,,,,,511,SNOMED,15086000
22,aimhigh.PATIENT,smoke,map_number,,,,3,,,,,544,SNOMED,713914004
22,aimhigh.CONMED,cm_aspirin,map_number,Baseline,visit,,0,,,,,306,SNOMED,373067005
22,aimhigh.CONMED,cm_metformin,map_number,Baseline,visit,,0,,,,,307,SNOMED,373067005
22,aimhigh.CONMED,cm_tzd,map_number,Baseline,visit,,0,,,,,308,SNOMED,373067005
22,aimhigh.CONMED,cm_otdiab,map_number,Baseline,visit,,0,,,,,309,SNOMED,373067005
22,aimhigh.CONMED,cm_niacin,map_number,Baseline,visit,,0,,,,,310,SNOMED,373067005
22,aimhigh.CONMED,cm_fibric,map_number,Baseline,visit,,0,,,,,311,SNOMED,373067005
22,aimhigh.CONMED,cm_fishoil,map_number,Baseline,visit,,0,,,,,312,SNOMED,373067005
22,aimhigh.CONMED,cm_warfarin,map_number,Baseline,visit,,0,,,,,313,SNOMED,373067005
24,bari2d.BARI2D_LONG,sulf,map_number,-1,fuper,,0,,,,,314,SNOMED,373067005
24,bari2d.BARI2D_LONG,biguanide,map_number,-1,fuper,,0,,,,,315,SNOMED,373067005
24,bari2d.BARI2D_LONG,incrmim,map_number,-1,fuper,,0,,,,,317,SNOMED,373067005
24,bari2d.BARI2D_LONG,dpp,map_number,-1,fuper,,0,,,,,318,SNOMED,373067005
24,bari2d.BARI2D_LONG,amylin,map_number,-1,fuper,,0,,,,,319,SNOMED,373067005
22,aimhigh.CONMED,cm_nit,map_number,Baseline,visit,,0,,,,,321,SNOMED,373067005
22,aimhigh.CONMED,cm_sulu,map_number,Baseline,visit,,0,,,,,322,SNOMED,373067005
24,bari2d.BARI2D_LONG,omega,map_number,-1,fuper,,0,,,,,323,SNOMED,373067005
24,bari2d.BARI2D_LONG,fibr,map_number,-1,fuper,,0,,,,,324,SNOMED,373067005
24,bari2d.BARI2D_LONG,niac,map_number,-1,fuper,,0,,,,,325,SNOMED,373067005
5,paradigm.test,ich_flg1,map_number,,,,1,,,,,139,SNOMED,373066001
5,paradigm.test,dbt_flg1,map_number,,,,1,,,,,140,SNOMED,373066001
5,paradigm.test,lbbb_ecg,map_number,,,,1,,,,,141,SNOMED,373066001
5,paradigm.test,rbbb_ecg,map_number,,,,1,,,,,142,SNOMED,373066001
5,paradigm.test,ang_flg1,map_number,,,,1,,,,,143,SNOMED,373066001
5,paradigm.test,angiosten,map_number,,,,1,,,,,144,SNOMED,373066001
5,paradigm.test,vhd_flg1,map_number,,,,1,,,,,145,SNOMED,373066001
5,paradigm.test,crt_flg1,map_number,,,,1,,,,,146,SNOMED,373066001
22,aimhigh.HX,hx_angina,map_number,,,,1,,,,,167,SNOMED,373066001
22,aimhigh.HX,hx_afib,map_number,,,,1,,,,,168,SNOMED,373066001
5,paradigm.test,copd_flg1,map_number,,,,0,,,,,327,SNOMED,373067005
6,atmosphere.test,mi_flg1,map_number,,,,1,,,,,349,SNOMED,373066001
6,atmosphere.test,stk_flg1,map_number,,,,1,,,,,350,SNOMED,373066001
6,atmosphere.test,cursmk1c,map_number,,,,1,,,,,351,SNOMED,373066001
6,atmosphere.test,pci_flg1,map_number,,,,1,,,,,352,SNOMED,373066001
22,aimhigh.HX,hx_cpd,map_number,,,,1,,,,,169,SNOMED,373066001
22,aimhigh.HX,hx_hyper,map_number,,,,1,,,,,171,SNOMED,373066001
22,aimhigh.HX,hx_mi,map_number,,,,1,,,,,172,SNOMED,373066001
22,aimhigh.HX,hx_cabg,map_number,,,,1,,,,,173,SNOMED,373066001
22,aimhigh.HX,hx_pci,map_number,,,,1,,,,,174,SNOMED,373066001
22,aimhigh.HX,hx_stroke,map_number,,,,1,,,,,175,SNOMED,373066001
24,bari2d.BARI2D_BL,smkcat,map_number,,,,1,,,,,176,SNOMED,373066001
22,aimhigh.DEMO,demo_alcohol,map_number,,,,1,,,,,177,SNOMED,373066001
21,accord.CONCOMITANTMEDS,acei,map_number,BLR,visit,,1,,,,,178,SNOMED,373066001
22,aimhigh.INCL,incl_cvd,map_number,,,,1,,,,,179,SNOMED,373066001
22,aimhigh.INCL,incl_mi,map_number,,,,1,,,,,180,SNOMED,373066001
21,accord.CONCOMITANTMEDS,beta_blocker,map_number,BLR,visit,,1,,,,,181,SNOMED,373066001
21,accord.CONCOMITANTMEDS,platelet_agi,map_number,BLR,visit,,1,,,,,182,SNOMED,373066001
21,accord.CONCOMITANTMEDS,anti_coag,map_number,BLR,visit,,1,,,,,183,SNOMED,373066001
21,accord.CONCOMITANTMEDS,reg_insulin,map_number,BLR,visit,,1,,,,,184,SNOMED,373066001
21,accord.CONCOMITANTMEDS,other_bpmed,map_number,BLR,visit,,1,,,,,185,SNOMED,373066001
21,accord.CONCOMITANTMEDS,loop,map_number,BLR,visit,,1,,,,,186,SNOMED,373066001
21,accord.CONCOMITANTMEDS,thiazide,map_number,BLR,visit,,1,,,,,187,SNOMED,373066001
21,accord.CONCOMITANTMEDS,ksparing,map_number,BLR,visit,,1,,,,,188,SNOMED,373066001
21,accord.CONCOMITANTMEDS,potassium,map_number,BLR,visit,,1,,,,,189,SNOMED,373066001
21,accord.CONCOMITANTMEDS,a2rb,map_number,BLR,visit,,1,,,,,190,SNOMED,373066001
21,accord.CONCOMITANTMEDS,dhp_ccb,map_number,BLR,visit,,1,,,,,191,SNOMED,373066001
21,accord.CONCOMITANTMEDS,alpha_blocker,map_number,BLR,visit,,1,,,,,192,SNOMED,373066001
21,accord.CONCOMITANTMEDS,statin,map_number,BLR,visit,,1,,,,,197,SNOMED,373066001
22,aimhigh.CONMED,cm_beta,map_number,Baseline,visit,,1,,,,,198,SNOMED,373066001
22,aimhigh.CONMED,cm_diu,map_number,Baseline,visit,,1,,,,,199,SNOMED,373066001
22,aimhigh.CONMED,cm_ace,map_number,Baseline,visit,,1,,,,,200,SNOMED,373066001
22,aimhigh.CONMED,cm_atii,map_number,Baseline,visit,,1,,,,,201,SNOMED,373066001
21,accord.CONCOMITANTMEDS,central_agent,map_number,BLR,visit,,1,,,,,204,SNOMED,373066001
24,bari2d.BARI2D_BL,tzd,map_number,-1,fuper,,0,,,,,316,SNOMED,373067005
21,accord.CONCOMITANTMEDS,nondhp_ccb,map_number,BLR,visit,,1,,,,,205,SNOMED,373066001
21,accord.CONCOMITANTMEDS,vasodilator,map_number,BLR,visit,,1,,,,,206,SNOMED,373066001
21,accord.CONCOMITANTMEDS,reserpine,map_number,BLR,visit,,1,,,,,207,SNOMED,373066001
21,accord.CONCOMITANTMEDS,la_insulin,map_number,BLR,visit,,1,,,,,208,SNOMED,373066001
4,topcat.t007_allvisits_bysub,bb_yn,map_number,BASE,visit,,1,,,,,79,SNOMED,373066001
4,topcat.t007_allvisits_bysub,ccb_yn,map_number,BASE,visit,,1,,,,,80,SNOMED,373066001
4,topcat.t007_allvisits_bysub,diur_yn,map_number,BASE,visit,,1,,,,,81,SNOMED,373066001
21,accord.CONCOMITANTMEDS,premix_insulin,map_number,BLR,visit,,1,,,,,209,SNOMED,373066001
21,accord.CONCOMITANTMEDS,nphl_insulin,map_number,BLR,visit,,1,,,,,210,SNOMED,373066001
21,accord.CONCOMITANTMEDS,other_diabmed,map_number,BLR,visit,,1,,,,,211,SNOMED,373066001
21,accord.CONCOMITANTMEDS,sulfonylurea,map_number,BLR,visit,,1,,,,,212,SNOMED,373066001
21,accord.CONCOMITANTMEDS,biguanide,map_number,BLR,visit,,1,,,,,213,SNOMED,373066001
21,accord.CONCOMITANTMEDS,meglitinide,map_number,BLR,visit,,1,,,,,214,SNOMED,373066001
21,accord.CONCOMITANTMEDS,ag_inhibitor,map_number,BLR,visit,,1,,,,,215,SNOMED,373066001
21,accord.CONCOMITANTMEDS,fibrate,map_number,BLR,visit,,1,,,,,216,SNOMED,373066001
21,accord.CONCOMITANTMEDS,other_lipidmed,map_number,BLR,visit,,1,,,,,217,SNOMED,373066001
21,accord.CONCOMITANTMEDS,cholest_abi,map_number,BLR,visit,,1,,,,,218,SNOMED,373066001
21,accord.CONCOMITANTMEDS,niacin,map_number,BLR,visit,,1,,,,,219,SNOMED,373066001
21,accord.CONCOMITANTMEDS,othbol_insulin,map_number,BLR,visit,,1,,,,,220,SNOMED,373066001
22,aimhigh.CONMED,cm_insulin,map_number,Baseline,visit,,1,,,,,221,SNOMED,373066001
22,aimhigh.CONMED,cm_plavix,map_number,Baseline,visit,,1,,,,,222,SNOMED,373066001
24,bari2d.BARI2D_LONG,insulin,map_number,-1,fuper,,1,,,,,225,SNOMED,373066001
24,bari2d.BARI2D_LONG,apa,map_number,-1,fuper,,1,,,,,226,SNOMED,373066001
22,aimhigh.CONMED,cm_ccb,map_number,Baseline,visit,,1,,,,,227,SNOMED,373066001
22,aimhigh.CONMED,cm_aspirin,map_number,Baseline,visit,,1,,,,,228,SNOMED,373066001
22,aimhigh.CONMED,cm_metformin,map_number,Baseline,visit,,1,,,,,229,SNOMED,373066001
22,aimhigh.CONMED,cm_tzd,map_number,Baseline,visit,,1,,,,,230,SNOMED,373066001
22,aimhigh.CONMED,cm_otdiab,map_number,Baseline,visit,,1,,,,,231,SNOMED,373066001
22,aimhigh.CONMED,cm_niacin,map_number,Baseline,visit,,1,,,,,232,SNOMED,373066001
22,aimhigh.CONMED,cm_fibric,map_number,Baseline,visit,,1,,,,,233,SNOMED,373066001
5,paradigm.test,trtnrand,map_number,,,,1,,,,,193,SNOMED,373066001
22,aimhigh.CONMED,cm_fishoil,map_number,Baseline,visit,,1,,,,,234,SNOMED,373066001
22,aimhigh.CONMED,cm_warfarin,map_number,Baseline,visit,,1,,,,,235,SNOMED,373066001
24,bari2d.BARI2D_LONG,sulf,map_number,-1,fuper,,1,,,,,236,SNOMED,373066001
24,bari2d.BARI2D_LONG,biguanide,map_number,-1,fuper,,1,,,,,237,SNOMED,373066001
24,bari2d.BARI2D_LONG,incrmim,map_number,-1,fuper,,1,,,,,239,SNOMED,373066001
24,bari2d.BARI2D_LONG,dpp,map_number,-1,fuper,,1,,,,,240,SNOMED,373066001
24,bari2d.BARI2D_LONG,amylin,map_number,-1,fuper,,1,,,,,241,SNOMED,373066001
22,aimhigh.CONMED,cm_nit,map_number,Baseline,visit,,1,,,,,243,SNOMED,373066001
22,aimhigh.CONMED,cm_sulu,map_number,Baseline,visit,,1,,,,,244,SNOMED,373066001
24,bari2d.BARI2D_LONG,omega,map_number,-1,fuper,,1,,,,,245,SNOMED,373066001
24,bari2d.BARI2D_LONG,fibr,map_number,-1,fuper,,1,,,,,246,SNOMED,373066001
24,bari2d.BARI2D_LONG,niac,map_number,-1,fuper,,1,,,,,247,SNOMED,373066001
22,aimhigh.HX,hx_angina,map_number,,,,0,,,,,249,SNOMED,373067005
22,aimhigh.HX,hx_afib,map_number,,,,0,,,,,250,SNOMED,373067005
22,aimhigh.HX,hx_cpd,map_number,,,,0,,,,,251,SNOMED,373067005
22,aimhigh.HX,hx_hyper,map_number,,,,0,,,,,253,SNOMED,373067005
22,aimhigh.HX,hx_mi,map_number,,,,0,,,,,254,SNOMED,373067005
22,aimhigh.HX,hx_cabg,map_number,,,,0,,,,,255,SNOMED,373067005
22,aimhigh.HX,hx_pci,map_number,,,,0,,,,,256,SNOMED,373067005
22,aimhigh.HX,hx_stroke,map_number,,,,0,,,,,257,SNOMED,373067005
24,bari2d.BARI2D_BL,smkcat,map_number,,,,0,,,,,258,SNOMED,373067005
22,aimhigh.DEMO,demo_alcohol,map_number,,,,0,,,,,259,SNOMED,373067005
21,accord.CONCOMITANTMEDS,acei,map_number,BLR,visit,,0,,,,,260,SNOMED,373067005
22,aimhigh.INCL,incl_cvd,map_number,,,,0,,,,,261,SNOMED,373067005
22,aimhigh.INCL,incl_mi,map_number,,,,0,,,,,262,SNOMED,373067005
21,accord.CONCOMITANTMEDS,beta_blocker,map_number,BLR,visit,,0,,,,,263,SNOMED,373067005
21,accord.CONCOMITANTMEDS,platelet_agi,map_number,BLR,visit,,0,,,,,264,SNOMED,373067005
21,accord.CONCOMITANTMEDS,anti_coag,map_number,BLR,visit,,0,,,,,265,SNOMED,373067005
21,accord.CONCOMITANTMEDS,reg_insulin,map_number,BLR,visit,,0,,,,,266,SNOMED,373067005
24,bari2d.BARI2D_BL,acei,map_number,-1,fuper,,1,,,,,223,SNOMED,373066001
21,accord.CONCOMITANTMEDS,other_bpmed,map_number,BLR,visit,,0,,,,,267,SNOMED,373067005
21,accord.CONCOMITANTMEDS,loop,map_number,BLR,visit,,0,,,,,268,SNOMED,373067005
4,topcat.t007_allvisits_bysub,hypog_yn,map_number,BASE,visit,,1,,,,,82,SNOMED,373066001
4,topcat.t007_allvisits_bysub,aspirin_yn,map_number,BASE,visit,,1,,,,,83,SNOMED,373066001
4,topcat.t007_allvisits_bysub,nitrate_yn,map_number,BASE,visit,,1,,,,,84,SNOMED,373066001
4,topcat.t007_allvisits_bysub,warfarin_yn,map_number,BASE,visit,,1,,,,,85,SNOMED,373066001
4,topcat.t007_allvisits_bysub,lipidlowering_yn,map_number,BASE,visit,,1,,,,,86,SNOMED,373066001
4,topcat.t007_allvisits_bysub,statin_yn,map_number,BASE,visit,,1,,,,,87,SNOMED,373066001
4,topcat.t007_allvisits_bysub,ace_yn,map_number,BASE,visit,,0,,,,,88,SNOMED,373067005
4,topcat.t007_allvisits_bysub,arb_yn,map_number,BASE,visit,,0,,,,,89,SNOMED,373067005
4,topcat.t007_allvisits_bysub,bb_yn,map_number,BASE,visit,,0,,,,,90,SNOMED,373067005
4,topcat.t007_allvisits_bysub,ccb_yn,map_number,BASE,visit,,0,,,,,91,SNOMED,373067005
4,topcat.t007_allvisits_bysub,diur_yn,map_number,BASE,visit,,0,,,,,92,SNOMED,373067005
4,topcat.t007_allvisits_bysub,hypog_yn,map_number,BASE,visit,,0,,,,,93,SNOMED,373067005
4,topcat.t007_allvisits_bysub,aspirin_yn,map_number,BASE,visit,,0,,,,,94,SNOMED,373067005
4,topcat.t007_allvisits_bysub,nitrate_yn,map_number,BASE,visit,,0,,,,,95,SNOMED,373067005
4,topcat.t007_allvisits_bysub,warfarin_yn,map_number,BASE,visit,,0,,,,,96,SNOMED,373067005
4,topcat.t007_allvisits_bysub,lipidlowering_yn,map_number,BASE,visit,,0,,,,,97,SNOMED,373067005
4,topcat.t007_allvisits_bysub,statin_yn,map_number,BASE,visit,,0,,,,,98,SNOMED,373067005
4,topcat.t005,cabg,map_number,,,,0,,,,,99,SNOMED,373067005
4,topcat.t005,htn,map_number,,,,0,,,,,100,SNOMED,373067005
4,topcat.t005,afib,map_number,,,,0,,,,,101,SNOMED,373067005
4,topcat.t005,pci,map_number,,,,0,,,,,102,SNOMED,373067005
4,topcat.t005,smoke_ever,map_number,,,,0,,,,,103,SNOMED,373067005
4,topcat.t005,dm,map_number,,,,0,,,,,104,SNOMED,373067005
4,topcat.t010,ecg_bbb2,map_number,,,,0,,,,,105,SNOMED,373067005
21,accord.CONCOMITANTMEDS,thiazide,map_number,BLR,visit,,0,,,,,269,SNOMED,373067005
21,accord.CONCOMITANTMEDS,ksparing,map_number,BLR,visit,,0,,,,,270,SNOMED,373067005
21,accord.CONCOMITANTMEDS,potassium,map_number,BLR,visit,,0,,,,,271,SNOMED,373067005
21,accord.CONCOMITANTMEDS,a2rb,map_number,BLR,visit,,0,,,,,272,SNOMED,373067005
21,accord.CONCOMITANTMEDS,dhp_ccb,map_number,BLR,visit,,0,,,,,273,SNOMED,373067005
21,accord.CONCOMITANTMEDS,alpha_blocker,map_number,BLR,visit,,0,,,,,274,SNOMED,373067005
21,accord.CONCOMITANTMEDS,statin,map_number,BLR,visit,,0,,,,,275,SNOMED,373067005
22,aimhigh.CONMED,cm_beta,map_number,Baseline,visit,,0,,,,,276,SNOMED,373067005
22,aimhigh.CONMED,cm_diu,map_number,Baseline,visit,,0,,,,,277,SNOMED,373067005
22,aimhigh.CONMED,cm_ace,map_number,Baseline,visit,,0,,,,,278,SNOMED,373067005
22,aimhigh.CONMED,cm_atii,map_number,Baseline,visit,,0,,,,,279,SNOMED,373067005
21,accord.CONCOMITANTMEDS,central_agent,map_number,BLR,visit,,0,,,,,282,SNOMED,373067005
21,accord.CONCOMITANTMEDS,nondhp_ccb,map_number,BLR,visit,,0,,,,,283,SNOMED,373067005
21,accord.CONCOMITANTMEDS,vasodilator,map_number,BLR,visit,,0,,,,,284,SNOMED,373067005
4,topcat.t005,stroke,map_number,,,,0,,,,,106,SNOMED,373067005
4,topcat.t005,icd,map_number,,,,0,,,,,107,SNOMED,373067005
4,topcat.t005,mi,map_number,,,,0,,,,,108,SNOMED,373067005
4,topcat.t005,dyslipid,map_number,,,,0,,,,,109,SNOMED,373067005
4,topcat.t005,angina,map_number,,,,0,,,,,110,SNOMED,373067005
4,topcat.t005,copd,map_number,,,,0,,,,,111,SNOMED,373067005
4,topcat.t005,cabg,map_number,,,,1,,,,,113,SNOMED,373066001
4,topcat.t005,htn,map_number,,,,1,,,,,114,SNOMED,373066001
4,topcat.t005,afib,map_number,,,,1,,,,,115,SNOMED,373066001
4,topcat.t005,pci,map_number,,,,1,,,,,116,SNOMED,373066001
4,topcat.t005,smoke_ever,map_number,,,,1,,,,,117,SNOMED,373066001
4,topcat.t005,dm,map_number,,,,1,,,,,118,SNOMED,373066001
4,topcat.t010,ecg_bbb2,map_number,,,,1,,,,,119,SNOMED,373066001
4,topcat.t005,stroke,map_number,,,,1,,,,,120,SNOMED,373066001
4,topcat.t005,icd,map_number,,,,1,,,,,121,SNOMED,373066001
4,topcat.t005,mi,map_number,,,,1,,,,,122,SNOMED,373066001
4,topcat.t005,dyslipid,map_number,,,,1,,,,,123,SNOMED,373066001
4,topcat.t005,angina,map_number,,,,1,,,,,124,SNOMED,373066001
4,topcat.t005,copd,map_number,,,,1,,,,,125,SNOMED,373066001
5,paradigm.test,copd_flg1,map_number,,,,1,,,,,127,SNOMED,373066001
5,paradigm.test,stabang,map_number,,,,1,,,,,128,SNOMED,373066001
5,paradigm.test,mi_flg1,map_number,,,,1,,,,,129,SNOMED,373066001
5,paradigm.test,stk_flg1,map_number,,,,1,,,,,130,SNOMED,373066001
5,paradigm.test,cursmk1c,map_number,,,,1,,,,,131,SNOMED,373066001
5,paradigm.test,pci_flg1,map_number,,,,1,,,,,132,SNOMED,373066001
4,topcat.t011,drug,map_number,,,,1,,,,,112,SNOMED,373067005
24,bari2d.BARI2D_BL,betab,map_number,-1,fuper,,0,,,,,280,SNOMED,373067005
5,paradigm.test,af_flg1,map_number,,,,1,,,,,133,SNOMED,373066001
5,paradigm.test,lip_flg2,map_number,,,,1,,,,,134,SNOMED,373066001
5,paradigm.test,cbg_flg1,map_number,,,,1,,,,,135,SNOMED,373066001
5,paradigm.test,icd_flg1,map_number,,,,1,,,,,136,SNOMED,373066001
5,paradigm.test,ctd_flg1,map_number,,,,1,,,,,137,SNOMED,373066001
5,paradigm.test,hyp_flg1,map_number,,,,1,,,,,138,SNOMED,373066001
1,best.ecg,eclbb,map_string,,,no,,,,,,431,SNOMED,373067005
1,best.ecg,ecrbb,map_string,,,no,,,,,,432,SNOMED,373067005
10,test.data,e,map_string,,,no,,,,,,433,SNOMED,373067005
1,best.ecg,eclbb,map_string,,,yes,,,,,,434,SNOMED,373066001
1,best.ecg,ecrbb,map_string,,,yes,,,,,,435,SNOMED,373066001
10,test.data,e,map_string,,,yes,,,,,,436,SNOMED,373066001
21,accord.CONCOMITANTMEDS,reserpine,map_number,BLR,visit,,0,,,,,285,SNOMED,373067005
21,accord.CONCOMITANTMEDS,la_insulin,map_number,BLR,visit,,0,,,,,286,SNOMED,373067005
21,accord.CONCOMITANTMEDS,premix_insulin,map_number,BLR,visit,,0,,,,,287,SNOMED,373067005
21,accord.CONCOMITANTMEDS,nphl_insulin,map_number,BLR,visit,,0,,,,,288,SNOMED,373067005
21,accord.CONCOMITANTMEDS,other_diabmed,map_number,BLR,visit,,0,,,,,289,SNOMED,373067005
21,accord.CONCOMITANTMEDS,sulfonylurea,map_number,BLR,visit,,0,,,,,290,SNOMED,373067005
21,accord.CONCOMITANTMEDS,biguanide,map_number,BLR,visit,,0,,,,,291,SNOMED,373067005
21,accord.CONCOMITANTMEDS,meglitinide,map_number,BLR,visit,,0,,,,,292,SNOMED,373067005
21,accord.CONCOMITANTMEDS,ag_inhibitor,map_number,BLR,visit,,0,,,,,293,SNOMED,373067005
21,accord.CONCOMITANTMEDS,fibrate,map_number,BLR,visit,,0,,,,,294,SNOMED,373067005
21,accord.CONCOMITANTMEDS,other_lipidmed,map_number,BLR,visit,,0,,,,,295,SNOMED,373067005
21,accord.CONCOMITANTMEDS,cholest_abi,map_number,BLR,visit,,0,,,,,296,SNOMED,373067005
21,accord.CONCOMITANTMEDS,niacin,map_number,BLR,visit,,0,,,,,297,SNOMED,373067005
21,accord.CONCOMITANTMEDS,othbol_insulin,map_number,BLR,visit,,0,,,,,298,SNOMED,373067005
22,aimhigh.CONMED,cm_insulin,map_number,Baseline,visit,,0,,,,,299,SNOMED,373067005
22,aimhigh.CONMED,cm_plavix,map_number,Baseline,visit,,0,,,,,300,SNOMED,373067005
1,best.cvh2,cvenzyme,map_number,,,,2,,,,,367,SNOMED,373067005
1,best.cvh2,cvaortic,map_number,,,,2,,,,,368,SNOMED,373067005
1,best.cvh2,cvmitral,map_number,,,,2,,,,,369,SNOMED,373067005
1,best.cvh2,cvowave,map_number,,,,2,,,,,370,SNOMED,373067005
1,best.cvh1,cvang,map_number,,,,2,,,,,371,SNOMED,373067005
1,best.cvh1,cvbypas,map_number,,,,2,,,,,372,SNOMED,373067005
1,best.cvh1,cvdefibr,map_number,,,,2,,,,,373,SNOMED,373067005
1,best.cvh1,cvangiop,map_number,,,,2,,,,,374,SNOMED,373067005
1,best.cvh1,cvafib,map_number,,,,2,,,,,375,SNOMED,373067005
1,best.cvh2,cvhxlip,map_number,,,,2,,,,,376,SNOMED,373067005
1,best.cvh2,cvhxhtxn,map_number,,,,2,,,,,377,SNOMED,373067005
1,best.cvh1,cvsmoker,map_number,,,,2,,,,,378,SNOMED,373067005
1,best.cvh1,cvpacemk,map_number,,,,2,,,,,379,SNOMED,373067005
1,best.br,brcad,map_number,,,,2,,,,,380,SNOMED,373067005
1,best.cvh2,cvhxdiab,map_number,,,,2,,,,,381,SNOMED,373067005
1,best.t,group,map_number,,,,2,,,,,382,SNOMED,373067005
1,best.cvh2,cvenzyme,map_number,,,,1,,,,,383,SNOMED,373066001
1,best.cvh2,cvaortic,map_number,,,,1,,,,,384,SNOMED,373066001
1,best.cvh2,cvmitral,map_number,,,,1,,,,,385,SNOMED,373066001
1,best.cvh2,cvowave,map_number,,,,1,,,,,386,SNOMED,373066001
1,best.cvh1,cvang,map_number,,,,1,,,,,387,SNOMED,373066001
1,best.cvh1,cvbypas,map_number,,,,1,,,,,388,SNOMED,373066001
1,best.cvh1,cvdefibr,map_number,,,,1,,,,,389,SNOMED,373066001
1,best.cvh1,cvangiop,map_number,,,,1,,,,,390,SNOMED,373066001
1,best.cvh1,cvafib,map_number,,,,1,,,,,391,SNOMED,373066001
1,best.cvh2,cvhxlip,map_number,,,,1,,,,,392,SNOMED,373066001
1,best.cvh2,cvhxhtxn,map_number,,,,1,,,,,393,SNOMED,373066001
1,best.cvh1,cvsmoker,map_number,,,,1,,,,,394,SNOMED,373066001
1,best.cvh1,cvpacemk,map_number,,,,1,,,,,395,SNOMED,373066001
1,best.br,brcad,map_number,,,,1,,,,,396,SNOMED,373066001
1,best.cvh2,cvhxdiab,map_number,,,,1,,,,,397,SNOMED,373066001
1,best.t,group,map_number,,,,1,,,,,398,SNOMED,373066001
21,accord.F01_INCLUSIONEXCLUSIONSUMMARY,x1diab,map_number,,,,2,,,,,399,SNOMED,373067005
21,accord.F01_INCLUSIONEXCLUSIONSUMMARY,x2stroke,map_number,,,,2,,,,,400,SNOMED,373067005
21,accord.F01_INCLUSIONEXCLUSIONSUMMARY,x2angina,map_number,,,,2,,,,,401,SNOMED,373067005
21,accord.F01_INCLUSIONEXCLUSIONSUMMARY,cvdhist,map_number,,,,2,,,,,403,SNOMED,373067005
23,allhat.DOX_VSC,chd,map_number,,,,1,,,,,423,SNOMED,373066001
21,accord.F01_INCLUSIONEXCLUSIONSUMMARY,x1diab,map_number,,,,1,,,,,415,SNOMED,373066001
21,accord.F01_INCLUSIONEXCLUSIONSUMMARY,x2stroke,map_number,,,,1,,,,,416,SNOMED,373066001
21,accord.F01_INCLUSIONEXCLUSIONSUMMARY,x2angina,map_number,,,,1,,,,,417,SNOMED,373066001
21,accord.F01_INCLUSIONEXCLUSIONSUMMARY,cvdhist,map_number,,,,1,,,,,419,SNOMED,373066001
2,hfaction.analysis,etiology,map_number,,,,1,,,,,437,SNOMED,373066001
2,hfaction.analysis,smoking,map_number,,,,1,,,,,438,SNOMED,373066001
2,hfaction.analysis,ecgcond2,map_number,,,,1,,,,,439,SNOMED,373066001
2,hfaction.analysis,ecgcond5,map_number,,,,1,,,,,440,SNOMED,373066001
2,hfaction.analysis,afibflut,map_number,,,,1,,,,,441,SNOMED,373066001
2,hfaction.analysis,priorpci,map_number,,,,1,,,,,442,SNOMED,373066001
2,hfaction.analysis,hyperten,map_number,,,,1,,,,,443,SNOMED,373066001
2,hfaction.analysis,angina,map_number,,,,1,,,,,444,SNOMED,373066001
2,hfaction.analysis,aicd,map_number,,,,1,,,,,445,SNOMED,373066001
2,hfaction.analysis,stroke,map_number,,,,1,,,,,446,SNOMED,373066001
2,hfaction.analysis,copd,map_number,,,,1,,,,,447,SNOMED,373066001
2,hfaction.analysis,priormi,map_number,,,,1,,,,,448,SNOMED,373066001
2,hfaction.analysis,cabg,map_number,,,,1,,,,,449,SNOMED,373066001
2,hfaction.analysis,bivpacer,map_number,,,,1,,,,,450,SNOMED,373066001
2,hfaction.medhx2,hlipid,map_number,,,,1,,,,,451,SNOMED,373066001
2,hfaction.analysis,diabetes,map_number,,,,1,,,,,452,SNOMED,373066001
2,hfaction.randvit,tassign,map_number,,,,1,,,,,453,SNOMED,373066001
2,hfaction.analysis,smoking,map_number,,,,0,,,,,454,SNOMED,373067005
2,hfaction.analysis,ecgcond2,map_number,,,,0,,,,,455,SNOMED,373067005
2,hfaction.analysis,ecgcond5,map_number,,,,0,,,,,456,SNOMED,373067005
2,hfaction.analysis,afibflut,map_number,,,,0,,,,,457,SNOMED,373067005
2,hfaction.analysis,priorpci,map_number,,,,0,,,,,458,SNOMED,373067005
2,hfaction.analysis,hyperten,map_number,,,,0,,,,,459,SNOMED,373067005
2,hfaction.analysis,angina,map_number,,,,0,,,,,460,SNOMED,373067005
2,hfaction.analysis,aicd,map_number,,,,0,,,,,461,SNOMED,373067005
2,hfaction.analysis,stroke,map_number,,,,0,,,,,462,SNOMED,373067005
2,hfaction.analysis,copd,map_number,,,,0,,,,,463,SNOMED,373067005
2,hfaction.analysis,priormi,map_number,,,,0,,,,,464,SNOMED,373067005
2,hfaction.analysis,cabg,map_number,,,,0,,,,,465,SNOMED,373067005
2,hfaction.analysis,bivpacer,map_number,,,,0,,,,,466,SNOMED,373067005
2,hfaction.medhx2,hlipid,map_number,,,,0,,,,,467,SNOMED,373067005
2,hfaction.analysis,diabetes,map_number,,,,0,,,,,468,SNOMED,373067005
2,hfaction.analysis,etiology,map_number,,,,2,,,,,469,SNOMED,373067005
2,hfaction.randvit,tassign,map_number,,,,2,,,,,470,SNOMED,373067005
7,corona.sample,atfibfdd,map_number,,,,0,,,,,593,SNOMED,373067005
7,corona.sample,atfibfdd,map_number,,,,1,,,,,610,SNOMED,373066001
7,corona.sample,cabdd,map_number,,,,0,,,,,590,SNOMED,373067005
7,corona.sample,cabdd,map_number,,,,1,,,,,608,SNOMED,373066001
7,corona.sample,hypertdd,map_number,,,,0,,,,,598,SNOMED,373067005
7,corona.sample,imcarddd,map_number,,,,0,,,,,594,SNOMED,373067005
7,corona.sample,imcarddd,map_number,,,,1,,,,,611,SNOMED,373066001
7,corona.sample,impacedd,map_number,,,,0,,,,,592,SNOMED,373067005
7,corona.sample,impacedd,map_number,,,,1,,,,,609,SNOMED,373066001
7,corona.sample,myinfdd,map_number,,,,0,,,,,596,SNOMED,373067005
7,corona.sample,myinfdd,map_number,,,,1,,,,,612,SNOMED,373066001
7,corona.sample,pciptcdd,map_number,,,,0,,,,,599,SNOMED,373067005
7,corona.sample,strokedd,map_number,,,,0,,,,,597,SNOMED,373067005
7,corona.sample,strokedd,map_number,,,,1,,,,,613,SNOMED,373066001
7,corona.sample,racedd,map_number,,,,1,,,,,591,SNOMED,413773004
7,corona.sample,racedd,map_number,,,,2,,,,,605,SNOMED,15086000
7,corona.sample,racedd,map_number,,,,3,,,,,606,SNOMED,413582008
7,corona.sample,racedd,map_number,,,,99,,,,,607,SNOMED,160535002
7,corona.sample,diame,map_number,,,,0,,,,,616,SNOMED,373067005
7,corona.sample,diame,map_number,,,,1,,,,,617,SNOMED,373066001
7,corona.sample,hypertdd,map_number,,,,1,,,,,614,SNOMED,373066001
7,corona.sample,pciptcdd,map_number,,,,1,,,,,615,SNOMED,373066001
7,corona.sample,smoker,map_number,,,,0,,,,,595,SNOMED,266919005
7,corona.sample,smoker,map_number,,,,1,,,,,602,SNOMED,8517006
23,allhat.LLT_VSC,lrzgrp,map_number,,,,2,,,,,414,SNOMED,373067005
23,allhat.LLT_VSC,lrzgrp,map_number,,,,1,,,,,430,SNOMED,373066001
23,allhat.DOX_VSC,chd,map_number,,,,2,,,,,407,SNOMED,373067005
7,corona.sample,smoker,map_number,,,,2,,,,,603,SNOMED,266920004
7,corona.sample,smoker,map_number,,,,3,,,,,604,SNOMED,77176002
7,corona.sample,anpedd,map_number,,,,1,,,,,618,SNOMED,373066001
7,corona.sample,anpedd,map_number,,,,0,,,,,619,SNOMED,373067005
7,corona.sample,cabgpci,map_number,,,,0,,,,,620,SNOMED,373067005
7,corona.sample,cabgpci,map_number,,,,1,,,,,621,SNOMED,373066001
7,corona.sample,ef,linear_equation,,,,,,,100,0,624,,
7,corona.sample,death,map_number,,,,0,,,,,625,SNOMED,373067005
7,corona.sample,death,map_number,,,,1,,,,,626,SNOMED,373066001
7,corona.sample,cv_death,map_number,,,,0,,,,,627,SNOMED,373067005
7,corona.sample,cv_death,map_number,,,,1,,,,,628,SNOMED,373066001
7,corona.sample,endp1,map_number,,,,0,,,,,631,SNOMED,373067005
7,corona.sample,endp1,map_number,,,,1,,,,,632,SNOMED,373066001
7,corona.sample,sex,map_number,,,,2,,,,,601,SNOMED,703118005
7,corona.sample,sex,map_number,,,,1,,,,,600,SNOMED,703117000
7,corona.sample,hfhosp,map_number,,,,0,,,,,629,SNOMED,373067005
7,corona.sample,hfhosp,map_number,,,,1,,,,,630,SNOMED,373066001
7,corona.sample,trtcode,map_string,,,A,,,,,,622,SNOMED,373066001
7,corona.sample,trtcode,map_string,,,B,,,,,,623,SNOMED,373067005
6,atmosphere.test,race,map_number,,,,4,,,,,492,SNOMED,103579009
5,paradigm.test,race,map_number,,,,4,,,,,488,SNOMED,103579009
1,best.pcsf,pcrace,map_number,,,,6,,,,,502,SNOMED,103579009
3,scdheft.rdemog,race_redact,map_string,,,Other,,,,,,475,SNOMED,103579009
5,paradigm.test,stabang,map_number,,,,0,,,,,328,SNOMED,373067005
5,paradigm.test,mi_flg1,map_number,,,,0,,,,,329,SNOMED,373067005
5,paradigm.test,stk_flg1,map_number,,,,0,,,,,330,SNOMED,373067005
5,paradigm.test,cursmk1c,map_number,,,,0,,,,,331,SNOMED,373067005
5,paradigm.test,pci_flg1,map_number,,,,0,,,,,332,SNOMED,373067005
5,paradigm.test,af_flg1,map_number,,,,0,,,,,333,SNOMED,373067005
5,paradigm.test,lip_flg2,map_number,,,,0,,,,,334,SNOMED,373067005
5,paradigm.test,icd_flg1,map_number,,,,0,,,,,336,SNOMED,373067005
5,paradigm.test,ctd_flg1,map_number,,,,0,,,,,337,SNOMED,373067005
5,paradigm.test,hyp_flg1,map_number,,,,0,,,,,338,SNOMED,373067005
5,paradigm.test,ich_flg1,map_number,,,,0,,,,,339,SNOMED,373067005
5,paradigm.test,dbt_flg1,map_number,,,,0,,,,,340,SNOMED,373067005
5,paradigm.test,lbbb_ecg,map_number,,,,0,,,,,341,SNOMED,373067005
5,paradigm.test,rbbb_ecg,map_number,,,,0,,,,,342,SNOMED,373067005
5,paradigm.test,ang_flg1,map_number,,,,0,,,,,343,SNOMED,373067005
5,paradigm.test,angiosten,map_number,,,,0,,,,,344,SNOMED,373067005
5,paradigm.test,vhd_flg1,map_number,,,,0,,,,,345,SNOMED,373067005
5,paradigm.test,crt_flg1,map_number,,,,0,,,,,346,SNOMED,373067005
5,paradigm.test,trtnrand,map_number,,,,0,,,,,347,SNOMED,373067005
5,paradigm.test,cbg_flg1,map_number,,,,0,,,,,720,SNOMED,373067005
6,atmosphere.test,icd_flg1,map_number,,,,1,,,,,356,SNOMED,373066001
6,atmosphere.test,ctd_flg1,map_number,,,,1,,,,,357,SNOMED,373066001
6,atmosphere.test,hyp_flg1,map_number,,,,1,,,,,358,SNOMED,373066001
6,atmosphere.test,ich_flg1,map_number,,,,1,,,,,359,SNOMED,373066001
6,atmosphere.test,angiosten,map_number,,,,1,,,,,364,SNOMED,373066001
6,atmosphere.test,vhd_flg1,map_number,,,,1,,,,,365,SNOMED,373066001
6,atmosphere.test,crt_flg1,map_number,,,,1,,,,,366,SNOMED,373066001
3,scdheft.rdemog,race_redact,map_string,,,Caucasian,,,,,,472,SNOMED,413773004
8,ipreserve.echo,trt,map_string,,,B,,,,,,733,SNOMED,373067005
4,topcat.t011,drug,map_number,,,,2,,,,,126,SNOMED,373066001
8,ipreserve.echo,trt,map_string,,,A,,,,,,732,SNOMED,373066001
8,ipreserve.echo,sex,map_string,,,M,,,,,,727,SNOMED,703117000
8,ipreserve.echo,sex,map_string,,,F,,,,,,728,SNOMED,703118005
8,ipreserve.echo,race,map_string,,,WHITE,,,,,,722,SNOMED,413773004
8,ipreserve.echo,race,map_string,,,BLACK/AFRICAN AMERICAN,,,,,,721,SNOMED,15086000
8,ipreserve.echo,race,map_string,,,ASIAN,,,,,,723,SNOMED,413582008
8,ipreserve.echo,race,map_string,,,OTHER,,,,,,730,Race,9
8,ipreserve.echo,race,map_string,,,NATIVE HAWAIIAN/OTHER PACIFIC ISLANDER,,,,,,731,LOINC,LA6266-6
22,aimhigh.PATIENT,race,map_number,,,,1,,,,,497,SNOMED,413491005
4,topcat.t003,race_cat,map_number,,,,3,,,,,734,SNOMED,413582008
4,topcat.t003,race_cat,map_number,,,,4,,,,,484,SNOMED,415226007
23,allhat.DOX_VSC,blwgt,linear_equation,,,,,,,0.454545454545454,0,539,,
21,accord.F01_INCLUSIONEXCLUSIONSUMMARY,x2mi,map_number,,,,1,,,,,,SNOMED,373066001
21,accord.F01_INCLUSIONEXCLUSIONSUMMARY,x2mi,map_number,,,,2,,,,,,SNOMED,373067005
21,accord.ACCORD_KEY,raceclass,map_string,,,Hispanic,,,,,,735,SNOMED,414408004
22,aimhigh.PATIENT,race,map_number,,,,8,,,,,496,SNOMED,415226007
23,allhat.DOX_VSC,race,map_number,,,,5,,,,,513,SNOMED,415226007
21,accord.ACCORD_KEY,raceclass,map_string,,,Other,,,,,,507,SNOMED,415226007
21,accord.F01_INCLUSIONEXCLUSIONSUMMARY,cabg,map_number,,,,1,,,,,,SNOMED,373066001
21,accord.F01_INCLUSIONEXCLUSIONSUMMARY,ptci,map_number,,,,1,,,,,,SNOMED,373066001
22,aimhigh.PATIENT,hxdiab,map_number,,,,0,,,,,252,SNOMED,373067005
21,accord.F01_INCLUSIONEXCLUSIONSUMMARY,cabg,map_number,,,,2,,,,,,SNOMED,373067005
21,accord.F01_INCLUSIONEXCLUSIONSUMMARY,ptci,map_number,,,,2,,,,,,SNOMED,373067005
24,bari2d.BARI2D_BL,hxmi,map_number,,,,0,,,,,,SNOMED,373067005
24,bari2d.BARI2D_BL,hxmi,map_number,,,,1,,,,,,SNOMED,373066001
24,bari2d.BARI2D_BL,hxcva,map_number,,,,0,,,,,,SNOMED,373067005
24,bari2d.BARI2D_BL,hxcva,map_number,,,,1,,,,,,SNOMED,373066001
24,bari2d.BARI2D_BL,priorrev,map_number,,,,0,,,,,,SNOMED,373067005
24,bari2d.BARI2D_BL,priorrev,map_number,,,,1,,,,,,SNOMED,373066001
22,aimhigh.PATIENT,hxdiab,map_number,,,,1,,,,,764,SNOMED,373066001
24,bari2d.BARI2D_BL,asp,map_number,,,,0,,,,,746,SNOMED,373067005
24,bari2d.BARI2D_BL,asp,map_number,,,,1,,,,,747,SNOMED,373066001
21,accord.CONCOMITANTMEDS,aspirin,map_number,BLR,visit,,1,,,,,748,SNOMED,373066001
21,accord.CONCOMITANTMEDS,aspirin,map_number,BLR,visit,,0,,,,,749,SNOMED,373067005
24,bari2d.BARI2D_BL,ccb,map_number,,,,0,,,,,751,SNOMED,373067005
24,bari2d.BARI2D_BL,ccb,map_number,,,,1,,,,,752,SNOMED,373066001
24,bari2d.BARI2D_BL,hxhtn,map_number,,,,0,,,,,753,SNOMED,373067005
24,bari2d.BARI2D_BL,hxhtn,map_number,,,,1,,,,,754,SNOMED,373066001
21,accord.CONCOMITANTMEDS,tzd,map_number,BLR,visit,,1,,,,,755,SNOMED,373066001
21,accord.CONCOMITANTMEDS,tzd,map_number,BLR,visit,,0,,,,,756,SNOMED,373067005
21,accord.CONCOMITANTMEDS,nitrate,map_number,BLR,visit,,1,,,,,757,SNOMED,373066001
21,accord.CONCOMITANTMEDS,nitrate,map_number,BLR,visit,,0,,,,,758,SNOMED,373067005
24,bari2d.BARI2D_BL,nsgn,map_number,-1,fuper,,0,,,,,320,SNOMED,373067005
21,accord.CVDOUTCOMES_201604,fuyrs_tm,linear_equation,,,,,,,365.25,0,765,,
24,bari2d.BARI2D_BL,hmg,map_number,-1,fuper,,0,,,,,326,SNOMED,373067005
24,bari2d.BARI2D_BL,betab,map_number,-1,fuper,,1,,,,,202,SNOMED,373066001
21,accord.F07_BASELINEHISTORYPHYSICALEXAM,cigarett,map_number,,,,2,,,,,402,SNOMED,373067005
21,accord.F07_BASELINEHISTORYPHYSICALEXAM,cigarett,map_number,,,,1,,,,,418,SNOMED,373066001
21,accord.F07_BASELINEHISTORYPHYSICALEXAM,yrstens,not_null_number,,,,-1,,,,,761,SNOMED,373067005
21,accord.F07_BASELINEHISTORYPHYSICALEXAM,yrstens,not_null_number,,,,0,,,,,762,SNOMED,373066001
21,accord.F07_BASELINEHISTORYPHYSICALEXAM,yrstens,not_null_number,,,,1,,,,,763,SNOMED,373066001
23,allhat.DOX_VSC,race,map_number,,,,4,,,,,512,SNOMED,413582008
23,allhat.DOX_VSC,race,map_number,,,,3,,,,,514,SNOMED,413491005
23,allhat.DOX_VSC,sex,map_number,,,,2,,,,,46,SNOMED,703118005
23,allhat.DOX_VSC,rzgroup,map_number,,,,1,,,,,545,SNOMED,37366001
21,accord.CVDOUTCOMES_201604,censor_tm,map_number,,,,1,,,,,767,SNOMED,373067005
23,allhat.DOX_VSC,rzgroup,map_number,,,,2,,,,,546,SNOMED,37367005
23,allhat.DOX_VSC,blhgt,linear_equation,,,,,,,2.54,0,538,,
23,allhat.DOX_VSC,aspirin,map_number,,,,1,,,,,425,SNOMED,373066001
23,allhat.DOX_VSC,hispanic,map_number,,,,2,,,,,404,SNOMED,373067005
23,allhat.DOX_VSC,hxcabg,map_number,,,,2,,,,,405,SNOMED,373067005
23,allhat.DOX_VSC,diabetes,map_number,,,,2,,,,,406,SNOMED,373067005
23,allhat.DOX_VSC,aspirin,map_number,,,,2,,,,,409,SNOMED,373067005
23,allhat.DOX_VSC,hispanic,map_number,,,,1,,,,,420,SNOMED,373066001
23,allhat.DOX_VSC,hxcabg,map_number,,,,1,,,,,421,SNOMED,373066001
23,allhat.DOX_VSC,diabetes,map_number,,,,1,,,,,422,SNOMED,373066001
23,allhat.DOX_VSC,priorrev,map_number,,,,2,,,,,740,SNOMED,373067005
23,allhat.DOX_VSC,priorrev,map_number,,,,1,,,,,741,SNOMED,373066001
23,allhat.DOX_VSC,mistroke,map_number,,,,2,,,,,742,SNOMED,373067005
23,allhat.DOX_VSC,mistroke,map_number,,,,1,,,,,743,SNOMED,373066001
23,allhat.DOX_VSC,blmeds2,map_number,,,,2,,,,,744,SNOMED,373067005
23,allhat.DOX_VSC,blmeds2,map_number,,,,1,,,,,745,SNOMED,373066001
23,allhat.DOX_VSC,race2,map_number,,,,2,,,,,760,SNOMED,15086000
23,allhat.DOX_VSC,race2,map_number,,,,1,,,,,759,UCD.Kao,UCD-Kao-65
23,allhat.DOX_VSC,death,map_number,,,,2,,,,,768,SNOMED,373067005
23,allhat.DOX_VSC,death,map_number,,,,1,,,,,769,SNOMED,373066001
24,bari2d.BARI2D_ENDPTS,death,map_number,,,,1,,,,,770,SNOMED,373066001
24,bari2d.BARI2D_ENDPTS,death,map_number,,,,0,,,,,771,SNOMED,373067005
24,bari2d.BARI2D_BL,diur,map_number,-1,fuper,,1,,,,,203,SNOMED,373066001
24,bari2d.BARI2D_BL,arb,map_number,-1,fuper,,1,,,,,224,SNOMED,373066001
24,bari2d.BARI2D_BL,tzd,map_number,-1,fuper,,1,,,,,238,SNOMED,373066001
24,bari2d.BARI2D_BL,nsgn,map_number,-1,fuper,,1,,,,,242,SNOMED,373066001
24,bari2d.BARI2D_BL,hmg,map_number,-1,fuper,,1,,,,,248,SNOMED,373066001
24,bari2d.BARI2D_BL,diur,map_number,-1,fuper,,0,,,,,281,SNOMED,373067005
23,allhat.DOX_VSC,llt,map_number,,,,2,,,,,772,SNOMED,373067005
23,allhat.DOX_VSC,llt,map_number,,,,1,,,,,773,SNOMED,373066001
23,allhat.DOX_VSC,cursmoke,map_number,,,,1,,,,,775,LOINC,LA18978-9
23,allhat.DOX_VSC,cursmoke,map_number,,,,2,,,,,776,LOINC,64234-8
23,allhat.DOX_VSC,cursmoke,map_number,,,,4,,,,,777,LOINC,LA15920-4
23,allhat.DOX_VSC,cursmoke,map_number,,,,3,,,,,778,SNOMED,713914004
24,bari2d.BARI2D_BL,race,map_number,,,,1,,,,,509,UCD.Kao,UCD-Kao-65
21,accord.CVDOUTCOMES_201604,censor_tm,map_number,,,,0,,,,,766,SNOMED,373066001
