table_name,column_name,study_id,table_column_id
hfaction.analysis,bivpacer,2,1
hfaction.analysis,racec,2,2
hfaction.studcomp,visitdays,2,3
hfaction.analysis,probnp,2,4
hfaction.labs,labval,2,5
hfaction.analysis,copd,2,6
hfaction.analysis,bmi,2,7
hfaction.analysis,aicd,2,8
hfaction.cpx,qrsint,2,9
hfaction.analysis,basehr,2,10
hfaction.analysis,diabetes,2,11
hfaction.analysis,hyperten,2,12
hfaction.analysis,eurother,2,13
hfaction.cecdeath,dthdays,2,14
hfaction.analysis,stroke,2,15
hfaction.analysis,heightcm,2,16
hfaction.analysis,dbp,2,17
hfaction.analysis,bestlvef,2,18
hfaction.analysis,cabg,2,19
hfaction.analysis,smoking,2,20
hfaction.analysis,bnp,2,21
hfaction.randvit,tassign,2,22
hfaction.analysis,nyhacl,2,23
hfaction.analysis,angina,2,24
hfaction.analysis,ecgcond2,2,25
scdheft.basecrf,crang,3,26
scdheft.basecrf,cbreath,3,27
scdheft.basecrf,csex,3,28
scdheft.baseline_new,crclear,3,29
scdheft.basecrf,cwalkc,3,30
scdheft.basecrf,crest,3,31
scdheft.basecrf,cmdiab,3,32
scdheft.basecrf,csleep,3,33
scdheft.rdemog,race_redact,3,34
scdheft.basecrf,chobbie,3,35
scdheft.basecrf,cstay,3,36
scdheft.basecrf,cfriends,3,37
scdheft.basecrf,bhypert,3,38
scdheft.basecrf,cwork,3,39
scdheft.endpt_new,lastdt_days,3,40
scdheft.basecrf,cburden,3,41
scdheft.baseline_new,weightkg,3,42
scdheft.basecrf,bcabg,3,43
scdheft.baseline_new,sodium,3,44
topcat.t010,ecg_bbb2,4,45
topcat.t006,dbp,4,46
topcat.t008,bun_mgdl,4,47
topcat.t010,qrs_dur,4,48
topcat.t006,hr,4,49
topcat.t003,race_cat,4,50
topcat.t008,alb_gdl,4,51
topcat.t008,gfr,4,52
topcat.t005,mi,4,53
topcat.t006,sbp,4,54
topcat.t079,site_dt3,4,55
topcat.t005,pci,4,56
topcat.t005,afib,4,57
paradigm.test,ich_flg1,5,58
paradigm.test,mi_flg1,5,59
paradigm.test,nyh_b1,5,60
paradigm.test,kcqscans_baseline,5,61
paradigm.test,crt_flg1,5,62
paradigm.test,hgt_b1,5,63
paradigm.test,wgt_b1,5,64
paradigm.test,pci_flg1,5,65
paradigm.test,tbil_1,5,66
paradigm.test,stk_flg1,5,67
paradigm.test,race,5,68
paradigm.test,bnp_b1_pg,5,69
paradigm.test,qrs_ecg,5,70
paradigm.test,t2dth,5,71
paradigm.test,dbp_b1,5,72
paradigm.test,hyp_flg1,5,73
paradigm.test,age_1n,5,74
paradigm.test,bmi_b1,5,75
paradigm.test,sex1c,5,76
paradigm.test,cursmk1c,5,77
paradigm.test,bun_1,5,78
paradigm.test,sgpt_1,5,79
dual,2000-01-01,0,80
hfaction.analysis,etiology,2,81
hfaction.analysis,bun,2,82
hfaction.analysis,sbp,2,83
hfaction.analysis,afibflut,2,84
hfaction.analysis,age,2,85
hfaction.analysis,ecgcond5,2,86
hfaction.analysis,deathfu,2,87
hfaction.analysis,kccqosb,2,88
hfaction.medhx2,hlipid,2,89
hfaction.analysis,lftvdiad,2,90
hfaction.analysis,sex,2,91
hfaction.analysis,priormi,2,92
hfaction.analysis,lftvmass,2,93
hfaction.analysis,egfr,2,94
hfaction.analysis,priorpci,2,95
hfaction.analysis,weightkg,2,96
scdheft.basecrf,cpepulse,3,97
scdheft.basecrf,cdiff,3,98
scdheft.baseline_new,gender,3,99
scdheft.basecrf,cvalvdz,3,100
scdheft.basecrf,cremem,3,101
scdheft.ecg,ecgqrs,3,102
scdheft.basecrf,cenergy,3,103
scdheft.basecrf,cstroke,3,104
scdheft.basecrf,bmi,3,105
scdheft.basecrf,cnyha,3,106
scdheft.baseline_new,bun,3,107
scdheft.basecrf,btx,3,108
scdheft.basecrf,cworry,3,109
scdheft.death,deathdt_days,3,110
scdheft.baseline_new,chfdxmo,3,111
scdheft.basecrf,ceang,3,112
scdheft.basecrf,bptca,3,113
scdheft.basecrf,cpesys,3,114
scdheft.basecrf,closs,3,115
topcat.t008,hct_p,4,116
topcat.t008,na_mmoll,4,117
topcat.t005,dm,4,118
topcat.t006,weight,4,119
topcat.t011,drug,4,120
topcat.t005,smoke_ever,4,121
topcat.t003,gender,4,122
topcat.t008,ast_ul,4,123
topcat.t008,hb_gdl,4,124
topcat.t005,cabg,4,125
topcat.t005,icd,4,126
topcat.t079,date_death,4,127
topcat.t005,dyslipid,4,128
topcat.t005,htn,4,129
topcat.t003,age_entry,4,130
topcat.q002,overall_sum_score,4,131
topcat.t005,angina,4,132
topcat.t008,wbc_kul,4,133
topcat.t008,tbili_mgdl,4,134
topcat.t006,nyha_class_cat,4,135
topcat.t030,term_dt_1,4,136
topcat.t005,stroke,4,137
topcat.t006,height,4,138
topcat.t004,ef,4,139
topcat.t079,cec_dt3,4,140
topcat.t005,copd,4,141
paradigm.test,pp_b1,5,142
paradigm.test,ang_flg1,5,143
paradigm.test,ntp_b1_pg,5,144
paradigm.test,af_flg1,5,145
paradigm.test,icd_flg1,5,146
paradigm.test,ctd_flg1,5,147
paradigm.test,cbg_flg1,5,148
paradigm.test,tend_1o,5,149
paradigm.test,randate,5,150
paradigm.test,alb_1,5,151
paradigm.test,hf_flg1,5,152
paradigm.test,hct_1,5,153
paradigm.test,hgba_1,5,154
paradigm.test,lbbb_ecg,5,155
paradigm.test,sbp_b1,5,156
paradigm.test,eqv_tfl2,5,157
paradigm.test,vhd_flg1,5,158
paradigm.test,sgot_1,5,159
paradigm.test,dbt_flg1,5,160
observation,value_as_number,0,161
observation,value_as_string,0,162
measurement,value_as_concept_id,0,163
observation,value_as_concept_id,0,164
measurement,value_as_number,0,165
Death,cause_concept_id,0,166
procedure_occurrence,procedure_concept_id,0,167
visit_occurrence,visit_concept_id,0,168
visit_occcurrence,cause_concept_id,0,169
best.cvh1,cvsmoker,1,170
best.qol2,ql_7,1,171
best.pcsf,pcsex,1,172
best.cvh2,cvcad,1,173
best.br,randate,1,174
best.clab1,clasdm,1,175
best.lab2,laua,1,176
best.clab2,claalbx,1,177
best.ecg,eclbb,1,178
best.lab1,lahgb,1,179
best.pcsf,pcpregnt,1,180
best.lab1,lachl,1,181
best.qol3,ql_13,1,182
best.lab1,lamag,1,183
best.lab2,lainr,1,184
best.clab1,clacrex,1,185
best.clab1,clabilx,1,186
best.pcsf,pcage,1,187
best.diab,dianeu,1,188
best.br,brsex,1,189
best.clab1,clahctx,1,190
best.ame,amcod,1,191
best.lab1,lapot,1,192
best.qol2,ql_11,1,193
best.clab2,clatri,1,194
best.cvh1,cvpacemk,1,195
best.lab1,lacal,1,196
best.eos,eos_dt,1,197
best.qol3,ql_21,1,198
best.clab1,clahgbx,1,199
best.clab2,clauax,1,200
best.pcsf,pcrace,1,201
best.lab2,laast,1,202
best.br,brang,1,203
best.qol2,ql_2,1,204
best.clab1,claglux,1,205
best.cvh2,cvhxhtxn,1,206
best.qol3,ql_14,1,207
best.lab1,labil,1,208
best.clab1,clachl,1,209
best.qol2,ql_4,1,210
best.cvh2,cvhxlip,1,211
best.clab2,claua,1,212
best.cvh1,cvbypas,1,213
best.qol2,ql_8,1,214
best.diab,diahis,1,215
best.lab1,lahct,1,216
best.lab1,labun,1,217
best.muga,murve,1,218
best.lab2,latri,1,219
best.br,brcad,1,220
best.clab1,clabunx,1,221
best.clab2,clachox,1,222
best.cvh1,cvang,1,223
best.qol3,ql_19,1,224
best.cvh1,cvduratn,1,225
best.diab,diaret,1,226
best.muga,mulve,1,227
best.clab2,clatrix,1,228
best.clab2,clainr,1,229
best.qol2,ql_10,1,230
best.clab1,clabil,1,231
best.cvh1,cvangiop,1,232
best.qol3,ql_17,1,233
best.lab1,lasdm,1,234
best.qol2,ql_12,1,235
best.pcsf,pcangina,1,236
best.pe,pehr,1,237
best.clab1,clawbc,1,238
best.qol3,ql_15,1,239
best.clab2,claast,1,240
best.clab2,claalt,1,241
best.clab1,clacalx,1,242
best.t,group,1,243
best.cvh1,cvdefibr,1,244
best.clab1,clamag,1,245
best.lab1,labic,1,246
best.clab1,clabic,1,247
best.pe,peht,1,248
best.cvh2,cvaortic,1,249
best.ecg,ecqr,1,250
best.clab2,clacho,1,251
best.qol3,ql_18,1,252
best.pe,peedm,1,253
best.qol2,ql_1,1,254
best.qol2,ql_9,1,255
best.cvh2,cvhxdiab,1,256
best.pcsf,pccomorb,1,257
best.qol3,ql_16,1,258
best.lab2,laalt,1,259
best.pcsf,pcmihx,1,260
best.cvs,cvnyh,1,261
best.lab2,lacho,1,262
best.pe,pebpd,1,263
best.qol2,ql_6,1,264
best.cvh2,cvmitral,1,265
best.pe,pebps,1,266
best.lab1,laglu,1,267
best.cvh2,cvowave,1,268
best.pe,pejvd,1,269
best.qol2,ql_5,1,270
best.lab2,laalb,1,271
best.lab1,lawbc,1,272
best.qol2,ql_3,1,273
best.clab1,clapot,1,274
best.cvh1,cvafib,1,275
best.pe,pewt,1,276
best.cvh2,cvenzyme,1,277
best.lab1,lacre,1,278
best.ecg,ecrbb,1,279
best.qol3,ql_20,1,280
best.adju,adcause,1,281
best.xp,no_column,1,282
best.hv,no_column,1,283
best.eos,no_column,1,284
best.br,no_column,1,285
best.wd,no_column,1,286
hfaction.cecdeath,ceccvdth,2,287
hfaction.cecdeath,cecdthca,2,288
scdheft.basecrf,caway,3,289
scdheft.basecrf,ccost,3,290
scdheft.baseline_new,age,3,291
scdheft.basecrf,cswell,3,292
scdheft.basecrf,ceat,3,293
scdheft.basecrf,cdeprs,3,294
scdheft.baseline_new,lvef,3,295
scdheft.baseline_new,afecg,3,296
scdheft.basecrf,bsmoke,3,297
scdheft.basecrf,bhyperl,3,298
scdheft.basecrf,cpedias,3,299
scdheft.basecrf,ceffect,3,300
topcat.t008,alt_ul,4,301
topcat.t031,dod1,4,302
paradigm.test,stabang,5,303
paradigm.test,copd_flg1,5,304
paradigm.test,angiosten,5,305
paradigm.test,hr_b2,5,306
paradigm.test,gfr_b1,5,307
paradigm.test,sod_1,5,308
paradigm.test,ejf_b1,5,309
paradigm.test,rbbb_ecg,5,310
paradigm.test,lip_flg2,5,311
paradigm.test,trtnrand,5,312
paradigm.test,wbc_1,5,313
best.mort1,modate1,1,314
best.wd,wddate,0,316
atmosphere.test,ich_flg1,6,317
atmosphere.test,mi_flg1,6,318
atmosphere.test,nyh_b1,6,319
atmosphere.test,kcqscans_baseline,6,320
atmosphere.test,crt_flg1,6,321
atmosphere.test,hgt_b1,6,322
atmosphere.test,wgt_b1,6,323
atmosphere.test,pci_flg1,6,324
atmosphere.test,tbil_1,6,325
atmosphere.test,stk_flg1,6,326
atmosphere.test,race,6,327
atmosphere.test,bnp_b1_pg,6,328
atmosphere.test,qrs_ecg,6,329
atmosphere.test,t2dth,6,330
atmosphere.test,dbp_b1,6,331
atmosphere.test,hyp_flg1,6,332
atmosphere.test,age_1n,6,333
atmosphere.test,bmi_b1,6,334
atmosphere.test,sex1c,6,335
atmosphere.test,cursmk1c,6,336
atmosphere.test,bun_1,6,337
atmosphere.test,sgpt_1,6,338
atmosphere.test,pp_b1,6,339
atmosphere.test,ang_flg1,6,340
atmosphere.test,ntp_b1_pg,6,341
atmosphere.test,af_flg1,6,342
atmosphere.test,icd_flg1,6,343
atmosphere.test,ctd_flg1,6,344
atmosphere.test,cbg_flg1,6,345
atmosphere.test,tend_1o,6,346
atmosphere.test,randate,6,347
atmosphere.test,alb_1,6,348
atmosphere.test,hf_flg1,6,349
atmosphere.test,hct_1,6,350
atmosphere.test,hgba_1,6,351
atmosphere.test,lbbb_ecg,6,352
atmosphere.test,sbp_b1,6,353
atmosphere.test,eqv_tfl2,6,354
atmosphere.test,vhd_flg1,6,355
atmosphere.test,sgot_1,6,356
atmosphere.test,dbt_flg1,6,357
atmosphere.test,stabang,6,358
atmosphere.test,copd_flg1,6,359
atmosphere.test,angiosten,6,360
atmosphere.test,hr_b2,6,361
atmosphere.test,gfr_b1,6,362
atmosphere.test,sod_1,6,363
atmosphere.test,ejf_b1,6,364
atmosphere.test,rbbb_ecg,6,365
atmosphere.test,lip_flg2,6,366
atmosphere.test,trtnrand,6,367
atmosphere.test,wbc_1,6,368
test.data,a,10,369
test.data,b,10,370
test.data,c,10,371
test.data,d,10,372
test.data,e,10,373
test.data,f,10,374
test.data,sex,0,375
aimhigh.FOLLA6,index,22,565
aimhigh.FOLLA6,patientkey,22,566
aimhigh.FOLLA6,visit,22,567
aimhigh.FOLLA6,afup_visitdt,22,568
aimhigh.FOLLA6,afup_visittp,22,569
aimhigh.FOLLA6,afup_visitntdn,22,570
aimhigh.FOLLA6,afup_mi,22,571
aimhigh.FOLLA6,afup_acs,22,572
aimhigh.FOLLA6,afup_cardrevas,22,573
aimhigh.FOLLA6,afup_cerebrevas,22,574
aimhigh.FOLLA6,afup_perirevas,22,575
aimhigh.FOLLA6,afup_stroketia,22,576
aimhigh.INCL,index,22,577
aimhigh.INCL,patientkey,22,578
aimhigh.INCL,incl_age,22,579
aimhigh.INCL,incl_cad,22,580
aimhigh.INCL,incl_mi,22,581
aimhigh.INCL,incl_acs,22,582
aimhigh.INCL,incl_cvd,22,583
aimhigh.INCL,incl_pad,22,584
aimhigh.INCL,incl_ldl,22,585
aimhigh.INCL,incl_hdl,22,586
aimhigh.INCL,incl_tg,22,587
aimhigh.INCL,incl_onstatin,22,588
aimhigh.INCL,incl_ezetimibe,22,589
aimhigh.INCL,incl_statintype,22,590
aimhigh.INCL,incl_statindose,22,591
aimhigh.EXC,index,22,592
aimhigh.EXC,patientkey,22,593
aimhigh.EXC,exc_acs,22,594
aimhigh.EXC,exc_cab,22,595
aimhigh.EXC,exc_pci,22,596
aimhigh.EXC,exc_strokek8wk,22,597
aimhigh.EXC,exc_glu,22,598
aimhigh.EXC,exc_glucometer,22,599
aimhigh.EXC,exc_postmivax,22,600
aimhigh.EXC,exc_lfcad,22,601
aimhigh.EXC,exc_ejc,22,602
aimhigh.EXC,exc_unresp,22,603
aimhigh.EXC,exc_cvd,22,604
aimhigh.EXC,exc_cardmy,22,605
aimhigh.EXC,exc_icd,22,606
aimhigh.EXC,exc_hyper,22,607
aimhigh.EXC,exc_peptic,22,608
aimhigh.EXC,exc_liver,22,609
aimhigh.EXC,exc_gout,22,610
aimhigh.EXC,exc_creat,22,611
aimhigh.EXC,exc_meds,22,612
aimhigh.EXC,exc_preg,22,613
aimhigh.EXC,exc_comorb,22,614
bari2d.BARI2D_BL,index,24,783
bari2d.BARI2D_BL,strata,24,784
bari2d.BARI2D_BL,mdins,24,785
bari2d.BARI2D_BL,hxetoh,24,786
bari2d.BARI2D_BL,palev,24,787
bari2d.BARI2D_BL,regex,24,788
bari2d.BARI2D_BL,slfhlth,24,789
bari2d.BARI2D_BL,slfscore,24,790
bari2d.BARI2D_BL,angeq6w,24,791
bari2d.BARI2D_BL,hxmi,24,792
bari2d.BARI2D_BL,hxchf,24,793
bari2d.BARI2D_BL,hxhtn,24,794
bari2d.BARI2D_BL,hxchl,24,795
bari2d.BARI2D_BL,hxcva,24,796
bari2d.BARI2D_BL,betab,24,797
bari2d.BARI2D_BL,nsgn,24,798
bari2d.BARI2D_BL,diur,24,799
bari2d.BARI2D_BL,acei,24,800
bari2d.BARI2D_BL,arb,24,801
bari2d.BARI2D_BL,asp,24,802
bari2d.BARI2D_BL,hmg,24,803
bari2d.BARI2D_BL,biguanide,24,804
bari2d.BARI2D_BL,tzd,24,805
bari2d.BARI2D_BL,sulf,24,806
bari2d.BARI2D_BL,weight,24,807
corona.vit,weight,7,1
corona.vit,height,7,2
corona.vit,dbpsit,7,3
corona.vit,sbpsit,7,4
corona.vit,hratetest,7,5
corona.vit,myinfdd,7,6
corona.demdd,racedd,7,7
accord.ACCORD_KEY,index,21,376
corona.demdd,sex,7,9
corona.demdd,birthdat,7,10
corona.subsdd,ssalivdd,7,11
corona.termdd,termrdd,7,12
corona.termdd,s_termdd,7,13
corona.cvhisdd,atfibfdd,7,14
corona.cvhisdd,diame,7,15
corona.cvhisdd,hypertdd,7,16
corona.cvhisdd,imcarddd,7,17
corona.cvhisdd,cabdd,7,18
corona.cvhisdd,pciptcdd,7,19
corona.cvhisdd,strokedd,7,20
corona.efmeasdd,ef,7,21
corona.sympdd,nyhahf,7,22
corona.cvhisdd,impacedd,7,23
corona.hishf,hf_datdd,7,24
corona.visit,vis_dat,7,25
corona.nic,smkstat,7,8
accord.ACCORD_KEY,maskid,21,377
corona.cvhisdd,hishf,7,27
accord.ACCORD_KEY,female,21,378
accord.ACCORD_KEY,baseline_age,21,379
accord.ACCORD_KEY,arm,21,380
accord.ACCORD_KEY,treatment,21,381
accord.ACCORD_KEY,trial_elig,21,382
accord.ACCORD_KEY,cvd_hx_baseline,21,383
accord.ACCORD_KEY,network,21,384
accord.ACCORD_KEY,raceclass,21,385
accord.OTHERLABS_201604,index,21,386
accord.OTHERLABS_201604,maskid,21,387
accord.OTHERLABS_201604,visit,21,388
accord.OTHERLABS_201604,fpg,21,389
accord.OTHERLABS_201604,alt,21,390
accord.OTHERLABS_201604,cpk,21,391
accord.OTHERLABS_201604,potassium,21,392
accord.OTHERLABS_201604,screat,21,393
accord.OTHERLABS_201604,gfr,21,394
accord.OTHERLABS_201604,ualb,21,395
accord.OTHERLABS_201604,ucreat,21,396
accord.OTHERLABS_201604,uacr,21,397
accord.BLOODPRESSURE_201604,index,21,398
accord.BLOODPRESSURE_201604,maskid,21,399
accord.BLOODPRESSURE_201604,visit,21,400
accord.BLOODPRESSURE_201604,sbp,21,401
accord.BLOODPRESSURE_201604,dbp,21,402
accord.BLOODPRESSURE_201604,hr,21,403
accord.F01_INCLUSIONEXCLUSIONSUMMARY,index,21,404
accord.F01_INCLUSIONEXCLUSIONSUMMARY,maskid,21,405
accord.F01_INCLUSIONEXCLUSIONSUMMARY,visit,21,406
accord.F01_INCLUSIONEXCLUSIONSUMMARY,chartrev,21,407
accord.F01_INCLUSIONEXCLUSIONSUMMARY,referral,21,408
accord.F01_INCLUSIONEXCLUSIONSUMMARY,teleint,21,409
accord.F01_INCLUSIONEXCLUSIONSUMMARY,othtype,21,410
accord.F01_INCLUSIONEXCLUSIONSUMMARY,x1consnt,21,411
accord.F01_INCLUSIONEXCLUSIONSUMMARY,x1diab,21,412
accord.F01_INCLUSIONEXCLUSIONSUMMARY,gender,21,413
accord.F01_INCLUSIONEXCLUSIONSUMMARY,x2mi,21,414
accord.F01_INCLUSIONEXCLUSIONSUMMARY,x2stroke,21,415
accord.F01_INCLUSIONEXCLUSIONSUMMARY,x2angina,21,416
accord.F01_INCLUSIONEXCLUSIONSUMMARY,cabg,21,417
accord.F01_INCLUSIONEXCLUSIONSUMMARY,ptci,21,418
accord.F01_INCLUSIONEXCLUSIONSUMMARY,orevasc,21,419
accord.F01_INCLUSIONEXCLUSIONSUMMARY,cvdhist,21,420
accord.F01_INCLUSIONEXCLUSIONSUMMARY,x2qhba1c,21,421
accord.F01_INCLUSIONEXCLUSIONSUMMARY,x2oral,21,422
accord.F01_INCLUSIONEXCLUSIONSUMMARY,x2curthp,21,423
accord.F01_INCLUSIONEXCLUSIONSUMMARY,x2hbac11,21,424
accord.F01_INCLUSIONEXCLUSIONSUMMARY,x2hbac9,21,425
accord.F01_INCLUSIONEXCLUSIONSUMMARY,x3malb,21,426
accord.F01_INCLUSIONEXCLUSIONSUMMARY,x3lvh,21,427
accord.F01_INCLUSIONEXCLUSIONSUMMARY,x3sten,21,428
accord.F01_INCLUSIONEXCLUSIONSUMMARY,x4llmeds,21,429
accord.F01_INCLUSIONEXCLUSIONSUMMARY,x4gender,21,430
accord.F01_INCLUSIONEXCLUSIONSUMMARY,x4hdlf,21,431
accord.F01_INCLUSIONEXCLUSIONSUMMARY,x4hdlm,21,432
accord.F01_INCLUSIONEXCLUSIONSUMMARY,x4bpmeds,21,433
accord.F01_INCLUSIONEXCLUSIONSUMMARY,x4notmed,21,434
accord.F01_INCLUSIONEXCLUSIONSUMMARY,x4smoke,21,435
accord.F01_INCLUSIONEXCLUSIONSUMMARY,x4bmi,21,436
accord.F01_INCLUSIONEXCLUSIONSUMMARY,x5rcnsnt,21,437
accord.F07_BASELINEHISTORYPHYSICALEXAM,index,21,438
accord.F07_BASELINEHISTORYPHYSICALEXAM,maskid,21,439
accord.F07_BASELINEHISTORYPHYSICALEXAM,visit,21,440
accord.F07_BASELINEHISTORYPHYSICALEXAM,livealon,21,441
accord.F07_BASELINEHISTORYPHYSICALEXAM,edu,21,442
accord.F07_BASELINEHISTORYPHYSICALEXAM,yrsdiab,21,443
corona.sample,index,7,28
corona.sample,usubjid,7,29
corona.sample,cv_death,7,30
corona.sample,deathgrp,7,31
corona.sample,d_hf,7,32
corona.sample,d_sudd,7,33
corona.sample,f_mi,7,34
corona.sample,death,7,35
corona.sample,d_days,7,36
corona.sample,alat,7,37
corona.sample,hfhosp,7,38
corona.sample,hftime,7,39
corona.sample,study,7,40
corona.sample,centre,7,41
corona.sample,subject,7,42
corona.sample,sex,7,43
corona.sample,age,7,44
corona.sample,agee,7,45
corona.sample,racedd,7,46
corona.sample,rand_dat,7,47
corona.sample,vis3_dat,7,48
corona.sample,full_set,7,49
corona.sample,safe_set,7,50
corona.sample,acttrt,7,51
corona.sample,actrtxt,7,52
corona.sample,trtseq,7,53
corona.sample,trtnum,7,54
corona.sample,trtcode,7,55
corona.sample,trtshort,7,56
corona.sample,trtlong,7,57
corona.sample,hr_sub,7,58
corona.sample,bl_hrate,7,59
corona.sample,crcl_sub,7,60
corona.sample,bl_crcl,7,61
corona.sample,dbp_sub,7,62
corona.sample,bl_dbp,7,63
corona.sample,sbp_sub,7,64
corona.sample,bl_sbp,7,65
corona.sample,atfi_sub,7,66
corona.sample,cholest,7,67
corona.sample,ntprobnp,7,68
corona.sample,crp,7,69
corona.sample,creat,7,70
corona.sample,apoba,7,71
corona.sample,triglyc,7,72
corona.sample,ldl,7,73
corona.sample,hdl,7,74
corona.sample,ef,7,75
corona.sample,nyha,7,76
corona.sample,anpedd,7,77
corona.sample,aoane,7,78
corona.sample,aoansurg,7,79
corona.sample,atfibfdd,7,80
corona.sample,cabdd,7,81
corona.sample,cab_datd,7,82
corona.sample,diame,7,83
corona.sample,hypertdd,7,84
corona.sample,imcarddd,7,85
corona.sample,impacedd,7,86
corona.sample,inclaudd,7,87
corona.sample,myinfdd,7,88
corona.sample,my_ldatd,7,89
corona.sample,pciptcdd,7,90
corona.sample,pci_datd,7,91
corona.sample,cabgpci,7,92
corona.sample,strokedd,7,93
corona.sample,height,7,94
corona.sample,bl_wght,7,95
corona.sample,refgrp,7,96
corona.sample,rnyhagrp,7,97
corona.sample,rbbuse,7,98
corona.sample,rcholgrp,7,99
corona.sample,rdiab,7,100
corona.sample,rmi,7,101
corona.sample,rhyper,7,102
corona.sample,ragegrp,7,103
corona.sample,smoker,7,104
corona.sample,bmi,7,105
corona.sample,acein,7,106
corona.sample,loop,7,107
corona.sample,thiazide,7,108
corona.sample,digitls,7,109
corona.sample,antiplat,7,110
corona.sample,antiarrhy,7,111
corona.sample,anticoag,7,112
corona.sample,bblocker,7,113
corona.sample,aldost,7,114
corona.sample,anticoag_antiplat,7,115
corona.sample,loopthiazide,7,116
corona.sample,acearb,7,117
corona.sample,nf_mi,7,118
corona.sample,nfmi_dat,7,119
corona.sample,nf_str,7,120
corona.sample,nfst_dat,7,121
corona.sample,deathdat,7,122
corona.sample,tedd_dat,7,123
corona.sample,lvis_dat,7,124
corona.sample,death_m,7,125
corona.sample,d_dat,7,126
corona.sample,mi_days,7,127
corona.sample,str_days,7,128
corona.sample,cvd_days,7,129
corona.sample,endp1day,7,130
corona.sample,endp1typ,7,131
corona.sample,endp1,7,132
accord.F07_BASELINEHISTORYPHYSICALEXAM,yrslipi,21,444
accord.F07_BASELINEHISTORYPHYSICALEXAM,yrstens,21,445
accord.F07_BASELINEHISTORYPHYSICALEXAM,ulcer,21,446
accord.F07_BASELINEHISTORYPHYSICALEXAM,protein,21,447
accord.F07_BASELINEHISTORYPHYSICALEXAM,hartfail,21,448
accord.F07_BASELINEHISTORYPHYSICALEXAM,neuropat,21,449
accord.F07_BASELINEHISTORYPHYSICALEXAM,depressn,21,450
accord.F07_BASELINEHISTORYPHYSICALEXAM,eyedisea,21,451
accord.F07_BASELINEHISTORYPHYSICALEXAM,histhart,21,452
accord.F07_BASELINEHISTORYPHYSICALEXAM,cigarett,21,453
accord.F07_BASELINEHISTORYPHYSICALEXAM,smokelif,21,454
accord.F07_BASELINEHISTORYPHYSICALEXAM,quityrs,21,455
accord.F07_BASELINEHISTORYPHYSICALEXAM,alcohol,21,456
accord.F07_BASELINEHISTORYPHYSICALEXAM,ins_cover,21,457
accord.F07_BASELINEHISTORYPHYSICALEXAM,dk_unins,21,458
accord.F07_BASELINEHISTORYPHYSICALEXAM,drugbene,21,459
accord.F07_BASELINEHISTORYPHYSICALEXAM,wt_kg,21,460
accord.F07_BASELINEHISTORYPHYSICALEXAM,ht_cm,21,461
accord.F07_BASELINEHISTORYPHYSICALEXAM,waist_cm,21,462
accord.F07_BASELINEHISTORYPHYSICALEXAM,scrright,21,463
accord.F07_BASELINEHISTORYPHYSICALEXAM,scrleft,21,464
accord.F07_BASELINEHISTORYPHYSICALEXAM,eyesurg,21,465
accord.F07_BASELINEHISTORYPHYSICALEXAM,recat_yag,21,466
accord.F07_BASELINEHISTORYPHYSICALEXAM,reret_vit,21,467
accord.F07_BASELINEHISTORYPHYSICALEXAM,reothr,21,468
accord.F07_BASELINEHISTORYPHYSICALEXAM,lecat_yag,21,469
accord.F07_BASELINEHISTORYPHYSICALEXAM,leret_vit,21,470
accord.F07_BASELINEHISTORYPHYSICALEXAM,leothr,21,471
accord.F07_BASELINEHISTORYPHYSICALEXAM,retpathy,21,472
accord.F07_BASELINEHISTORYPHYSICALEXAM,lrtpathy,21,473
accord.F07_BASELINEHISTORYPHYSICALEXAM,rrtpathy,21,474
accord.F07_BASELINEHISTORYPHYSICALEXAM,visloss,21,475
accord.F07_BASELINEHISTORYPHYSICALEXAM,le_vloss,21,476
accord.F07_BASELINEHISTORYPHYSICALEXAM,re_vloss,21,477
accord.F07_BASELINEHISTORYPHYSICALEXAM,hfrswell,21,478
accord.F07_BASELINEHISTORYPHYSICALEXAM,hfrswech,21,479
accord.F07_BASELINEHISTORYPHYSICALEXAM,hfrshort,21,480
accord.F07_BASELINEHISTORYPHYSICALEXAM,hfrshoch,21,481
accord.F07_BASELINEHISTORYPHYSICALEXAM,hfrurine,21,482
accord.F07_BASELINEHISTORYPHYSICALEXAM,hfrurich,21,483
accord.F07_BASELINEHISTORYPHYSICALEXAM,rptdesc,21,484
accord.F07_BASELINEHISTORYPHYSICALEXAM,lptdesc,21,485
accord.F07_BASELINEHISTORYPHYSICALEXAM,chest_exam,21,486
accord.F07_BASELINEHISTORYPHYSICALEXAM,famphis,21,487
accord.F07_BASELINEHISTORYPHYSICALEXAM,fappear,21,488
accord.F07_BASELINEHISTORYPHYSICALEXAM,fdeform,21,489
accord.F07_BASELINEHISTORYPHYSICALEXAM,finfect,21,490
accord.F07_BASELINEHISTORYPHYSICALEXAM,fdryski,21,491
accord.F07_BASELINEHISTORYPHYSICALEXAM,ffissur,21,492
accord.F07_BASELINEHISTORYPHYSICALEXAM,fother,21,493
accord.F07_BASELINEHISTORYPHYSICALEXAM,fulcer,21,494
accord.F07_BASELINEHISTORYPHYSICALEXAM,fankle,21,495
accord.F07_BASELINEHISTORYPHYSICALEXAM,fvibrat,21,496
accord.F07_BASELINEHISTORYPHYSICALEXAM,ffilam,21,497
accord.F07_BASELINEHISTORYPHYSICALEXAM,mnsiscor,21,498
accord.F07_BASELINEHISTORYPHYSICALEXAM,feeling,21,499
accord.CONCOMITANTMEDS,index,21,500
accord.CONCOMITANTMEDS,maskid,21,501
accord.CONCOMITANTMEDS,visit,21,502
accord.CONCOMITANTMEDS,loop,21,503
accord.CONCOMITANTMEDS,thiazide,21,504
accord.CONCOMITANTMEDS,ksparing,21,505
accord.CONCOMITANTMEDS,potassium,21,506
accord.CONCOMITANTMEDS,a2rb,21,507
accord.CONCOMITANTMEDS,acei,21,508
accord.CONCOMITANTMEDS,dhp_ccb,21,509
accord.CONCOMITANTMEDS,nondhp_ccb,21,510
accord.CONCOMITANTMEDS,alpha_blocker,21,511
accord.CONCOMITANTMEDS,central_agent,21,512
accord.CONCOMITANTMEDS,beta_blocker,21,513
accord.CONCOMITANTMEDS,vasodilator,21,514
accord.CONCOMITANTMEDS,reserpine,21,515
accord.CONCOMITANTMEDS,other_bpmed,21,516
accord.CONCOMITANTMEDS,digitalis,21,517
accord.CONCOMITANTMEDS,antiarrhythmic,21,518
accord.CONCOMITANTMEDS,nitrate,21,519
accord.CONCOMITANTMEDS,other_cvmed,21,520
accord.CONCOMITANTMEDS,sulfonylurea,21,521
accord.CONCOMITANTMEDS,biguanide,21,522
accord.CONCOMITANTMEDS,meglitinide,21,523
accord.CONCOMITANTMEDS,ag_inhibitor,21,524
accord.CONCOMITANTMEDS,nphl_insulin,21,525
accord.CONCOMITANTMEDS,tzd,21,526
accord.CONCOMITANTMEDS,reg_insulin,21,527
accord.CONCOMITANTMEDS,la_insulin,21,528
accord.CONCOMITANTMEDS,othbol_insulin,21,529
accord.CONCOMITANTMEDS,premix_insulin,21,530
accord.CONCOMITANTMEDS,other_diabmed,21,531
accord.CONCOMITANTMEDS,bile_sequestrant,21,532
accord.CONCOMITANTMEDS,statin,21,533
accord.CONCOMITANTMEDS,fibrate,21,534
accord.CONCOMITANTMEDS,other_lipidmed,21,535
accord.CONCOMITANTMEDS,cholest_abi,21,536
accord.CONCOMITANTMEDS,niacin,21,537
accord.CONCOMITANTMEDS,anti_coag,21,538
accord.CONCOMITANTMEDS,anti_inflam,21,539
accord.CONCOMITANTMEDS,platelet_agi,21,540
accord.CONCOMITANTMEDS,cox2,21,541
accord.CONCOMITANTMEDS,aspirin,21,542
accord.CONCOMITANTMEDS,thyroid,21,543
accord.CONCOMITANTMEDS,progestin,21,544
accord.CONCOMITANTMEDS,estrogen,21,545
accord.CONCOMITANTMEDS,oral_asthma,21,546
accord.CONCOMITANTMEDS,anti_depress,21,547
accord.CONCOMITANTMEDS,inhaled_asthma,21,548
accord.CONCOMITANTMEDS,oral_steroid,21,549
accord.CONCOMITANTMEDS,anti_psych,21,550
accord.CONCOMITANTMEDS,osteoporosis,21,551
accord.CONCOMITANTMEDS,fluid_retention,21,552
accord.CONCOMITANTMEDS,other_med,21,553
accord.CONCOMITANTMEDS,vitamin,21,554
accord.CONCOMITANTMEDS,otc,21,555
accord.CONCOMITANTMEDS,herbal,21,556
accord.LIPIDS_201604,index,21,557
accord.LIPIDS_201604,maskid,21,558
accord.LIPIDS_201604,visit,21,559
accord.LIPIDS_201604,chol,21,560
accord.LIPIDS_201604,trig,21,561
accord.LIPIDS_201604,vldl,21,562
accord.LIPIDS_201604,ldl,21,563
accord.LIPIDS_201604,hdl,21,564
aimhigh.HX,hx_edart,22,762
aimhigh.HX,hx_carotidstent,22,763
aimhigh.HX,hx_perirevas,22,764
aimhigh.HX,hx_icd,22,765
aimhigh.HX,hx_pace,22,766
aimhigh.HX,hx_cpd,22,767
aimhigh.HX,hx_hepc,22,768
aimhigh.HX,hx_renal,22,769
aimhigh.HX,hx_diabetes,22,770
aimhigh.HX,hx_dtype,22,771
aimhigh.HX,hx_dtreatdiet,22,772
aimhigh.HX,hx_dtreatoral,22,773
aimhigh.HX,hx_dtreatinsulin,22,774
aimhigh.HX,hx_glucometer,22,775
aimhigh.HX,hx_acsdatemm,22,776
aimhigh.HX,hx_midatemm,22,777
aimhigh.HX,hx_efdatemm,22,778
aimhigh.HX,hx_strokedatemm,22,779
aimhigh.HX,hx_cabgdatemm,22,780
aimhigh.HX,hx_pcidatemm,22,781
aimhigh.HX,hx_diabetesyy,22,782
allhat.basic_with_outcomes,index,23,943
allhat.basic_with_outcomes,unnamed: 0,23,944
allhat.basic_with_outcomes,patientid,23,945
allhat.basic_with_outcomes,rzgroup,23,946
allhat.basic_with_outcomes,age,23,947
allhat.basic_with_outcomes,sex,23,948
allhat.basic_with_outcomes,race,23,949
allhat.basic_with_outcomes,hispanic,23,950
allhat.basic_with_outcomes,blwgt,23,951
allhat.basic_with_outcomes,blhgt,23,952
allhat.basic_with_outcomes,blbmi,23,953
allhat.basic_with_outcomes,bv2sbp,23,954
allhat.basic_with_outcomes,bv2dbp,23,955
allhat.basic_with_outcomes,mistroke,23,956
allhat.basic_with_outcomes,hxcabg,23,957
allhat.basic_with_outcomes,diabetes,23,958
allhat.basic_with_outcomes,achol,23,959
allhat.basic_with_outcomes,afgluc,23,960
allhat.basic_with_outcomes,chd,23,961
allhat.basic_with_outcomes,cursmoke,23,962
allhat.basic_with_outcomes,aspirin,23,963
allhat.basic_with_outcomes,blgfr,23,964
allhat.basic_with_outcomes,educat,23,965
allhat.basic_with_outcomes,sbp6m12,23,966
allhat.basic_with_outcomes,dbp6m12,23,967
allhat.basic_with_outcomes,sbp6m24,23,968
allhat.basic_with_outcomes,dbp6m24,23,969
allhat.basic_with_outcomes,death,23,970
allhat.basic_with_outcomes,dydeath,23,971
allhat.basic_with_outcomes,ep_chd,23,972
allhat.basic_with_outcomes,dychd,23,973
allhat.basic_with_outcomes,stroke,23,974
allhat.basic_with_outcomes,dystroke,23,975
allhat.basic_with_outcomes,chf,23,976
allhat.basic_with_outcomes,dychf,23,977
allhat.basic_with_outcomes,cchd,23,978
allhat.basic_with_outcomes,dycchd,23,979
allhat.basic_with_outcomes,ochf,23,980
allhat.basic_with_outcomes,dyochf,23,981
allhat.basic_with_outcomes,crvsc,23,982
allhat.basic_with_outcomes,dycrvsc,23,983
allhat.basic_with_outcomes,ahdl,23,984
allhat.basic_with_outcomes,aldl,23,985
allhat.basic_with_outcomes,aftrig,23,986
allhat.basic_with_outcomes,cchol,23,987
allhat.basic_with_outcomes,chdl,23,988
allhat.basic_with_outcomes,cftrig,23,989
allhat.basic_with_outcomes,cldl,23,990
allhat.basic_with_outcomes,cfgluc,23,991
allhat.basic_with_outcomes,lrzgrp,23,992
aimhigh.EXC,exc_hiv,22,615
aimhigh.EXC,exc_abuse,22,616
aimhigh.EXC,exc_clintrial,22,617
aimhigh.EXC,exc_patient,22,618
aimhigh.EXC,exc_physcian,22,619
aimhigh.DEMO,index,22,620
aimhigh.DEMO,patientkey,22,621
aimhigh.DEMO,demo_tobnm,22,622
aimhigh.DEMO,demo_age,22,623
aimhigh.DEMO,demo_sex,22,624
aimhigh.DEMO,demo_ethn,22,625
aimhigh.DEMO,demo_race,22,626
aimhigh.DEMO,demo_smoke,22,627
aimhigh.DEMO,demo_alcohol,22,628
aimhigh.DEMO,demo_alcnum,22,629
aimhigh.DEMO,demo_employ,22,630
aimhigh.DEMO,demo_edu,22,631
aimhigh.DEMO,demo_job,22,632
aimhigh.LAB,index,22,633
aimhigh.LAB,patientkey,22,634
aimhigh.LAB,test,22,635
aimhigh.LAB,visit,22,636
aimhigh.LAB,result,22,637
aimhigh.LAB,crcl,22,638
aimhigh.LAB,egfr,22,639
aimhigh.LAB,base,22,640
aimhigh.LAB,dtdraw,22,641
aimhigh.PE,index,22,642
aimhigh.PE,patientkey,22,643
aimhigh.PE,visit,22,644
aimhigh.PE,pe_visdt,22,645
aimhigh.PE,pe_ht,22,646
aimhigh.PE,pe_wt,22,647
aimhigh.PE,pe_waist,22,648
aimhigh.PE,pe_hip,22,649
aimhigh.PE,pe_bpsys,22,650
aimhigh.PE,pe_bpdia,22,651
aimhigh.PE,pe_met,22,652
aimhigh.PE,pe_anginadef,22,653
aimhigh.PE,pe_bmi,22,654
aimhigh.PATIENT,index,22,655
aimhigh.PATIENT,patientkey,22,656
aimhigh.PATIENT,randdose,22,657
aimhigh.PATIENT,sex,22,658
aimhigh.PATIENT,race,22,659
aimhigh.PATIENT,smoke,22,660
aimhigh.PATIENT,age,22,661
aimhigh.PATIENT,age65,22,662
aimhigh.PATIENT,hxdiab,22,663
aimhigh.PATIENT,metabsyn,22,664
aimhigh.PATIENT,typeprimary,22,665
aimhigh.PATIENT,statinduration,22,666
aimhigh.PATIENT,etsecondary_4,22,667
aimhigh.PATIENT,vssecondary_4,22,668
aimhigh.PATIENT,etsecondary_3,22,669
aimhigh.PATIENT,vssecondary_3,22,670
aimhigh.PATIENT,etprimary,22,671
aimhigh.PATIENT,vsprimary,22,672
aimhigh.PATIENT,etisch,22,673
aimhigh.PATIENT,vsisch,22,674
aimhigh.PATIENT,vsdth,22,675
aimhigh.PATIENT,causedth,22,676
aimhigh.PATIENT,sysbp,22,677
aimhigh.PATIENT,diasbp,22,678
aimhigh.PATIENT,studystatus,22,679
aimhigh.PATIENT,typeprimarya6,22,680
aimhigh.PATIENT,etsecondary_4_a6,22,681
aimhigh.PATIENT,vssecondary_4_a6,22,682
aimhigh.PATIENT,etsecondary_3_a6,22,683
aimhigh.PATIENT,vssecondary_3_a6,22,684
aimhigh.PATIENT,etprimarya6,22,685
aimhigh.PATIENT,vsprimarya6,22,686
aimhigh.PATIENT,etischa6,22,687
aimhigh.PATIENT,vsischa6,22,688
aimhigh.PATIENT,vsdtha6,22,689
aimhigh.PATIENT,glucose_base,22,690
aimhigh.PATIENT,hdl_c_base,22,691
aimhigh.PATIENT,ldl_c_base,22,692
aimhigh.PATIENT,lpa,22,693
aimhigh.PATIENT,trig_base,22,694
aimhigh.PATIENT,randassi,22,695
aimhigh.PATIENT,bmi,22,696
aimhigh.PATIENT,dtenroll,22,697
aimhigh.PATIENT,dtcensor,22,698
ipreserve.echo,index,8,278
ipreserve.echo,usubjid,8,279
ipreserve.echo,ekrt,8,280
ipreserve.echo,evrt,8,281
ipreserve.echo,elrt,8,282
ipreserve.echo,esrt,8,283
ipreserve.echo,evseq,8,284
ipreserve.echo,evll,8,285
ipreserve.echo,hr,8,286
ipreserve.echo,ivrt,8,287
ipreserve.echo,lbname,8,288
ipreserve.echo,ltmevo,8,289
ipreserve.echo,ltmlvo,8,290
ipreserve.echo,ltmsvo,8,291
ipreserve.echo,laapdm,8,292
ipreserve.echo,laesat,8,293
ipreserve.echo,laesaf,8,294
ipreserve.echo,lamadm,8,295
ipreserve.echo,lasfdm,8,296
ipreserve.echo,lwsyvo,8,297
ipreserve.echo,lvrwml,8,298
ipreserve.echo,lvrwmn,8,299
ipreserve.echo,lvdidm,8,300
ipreserve.echo,lvdimel,8,301
ipreserve.echo,lvdimen,8,302
ipreserve.echo,lvejfr,8,303
ipreserve.echo,lvedmel,8,304
ipreserve.echo,lvedmen,8,305
ipreserve.echo,lvedvl,8,306
ipreserve.echo,lvesmel,8,307
ipreserve.echo,lvesmen,8,308
ipreserve.echo,lvesvl,8,309
ipreserve.echo,lvfrst,8,310
ipreserve.echo,lvma,8,311
ipreserve.echo,lvpwdi,8,312
ipreserve.echo,lvpwsy,8,313
ipreserve.echo,lvsydm,8,314
ipreserve.echo,lvsymel,8,315
ipreserve.echo,lvsymen,8,316
ipreserve.echo,mnmevo,8,317
ipreserve.echo,mapkvo,8,318
ipreserve.echo,mddu,8,319
ipreserve.echo,mipkvo,8,320
ipreserve.echo,mpvo,8,321
ipreserve.echo,mtrgl,8,322
ipreserve.echo,mtrgn,8,323
ipreserve.echo,pfvo,8,324
ipreserve.echo,psfr,8,325
ipreserve.echo,rewltk,8,326
ipreserve.echo,raesar,8,327
ipreserve.echo,rvsp,8,328
ipreserve.echo,slmevo,8,329
ipreserve.echo,slmlvo,8,330
ipreserve.echo,slmsvo,8,331
ipreserve.echo,slwlmel,8,332
ipreserve.echo,slwlmen,8,333
ipreserve.echo,slwltk,8,334
ipreserve.echo,stvl,8,335
ipreserve.echo,sqcml,8,336
ipreserve.echo,sqcmn,8,337
ipreserve.echo,sqlvmal,8,338
ipreserve.echo,sqlvman,8,339
ipreserve.echo,sqpvdrl,8,340
ipreserve.echo,sqpvdrn,8,341
ipreserve.echo,sqtidrl,8,342
ipreserve.echo,sqtidrn,8,343
ipreserve.echo,sydmmel,8,344
ipreserve.echo,sydmmen,8,345
ipreserve.echo,tcpkvo,8,346
ipreserve.echo,tcrgl,8,347
ipreserve.echo,tcrgn,8,348
ipreserve.echo,rownames,8,349
ipreserve.echo,patient,8,350
ipreserve.echo,albmn0,8,351
ipreserve.echo,ast0,8,352
ipreserve.echo,creat0,8,353
ipreserve.echo,hemogl0,8,354
ipreserve.echo,trt,8,355
ipreserve.echo,sex,8,356
ipreserve.echo,ace_ivrs,8,357
ipreserve.echo,ejfrva0,8,358
ipreserve.echo,age,8,359
ipreserve.echo,consentd,8,360
ipreserve.echo,race,8,361
ipreserve.echo,eth,8,362
ipreserve.echo,entryht,8,363
ipreserve.echo,entrywt,8,364
ipreserve.echo,arbyn,8,365
ipreserve.echo,aceyn,8,366
ipreserve.echo,jvd0,8,367
ipreserve.echo,gps30,8,368
ipreserve.echo,ln0,8,369
ipreserve.echo,lv0,8,370
ipreserve.echo,ed0,8,371
ipreserve.echo,bypos0,8,372
ipreserve.echo,sbp0,8,373
ipreserve.echo,dbp0,8,374
ipreserve.echo,hr0,8,375
ipreserve.echo,etiol,8,376
ipreserve.echo,hshxyn,8,377
ipreserve.echo,lvlayn,8,378
ipreserve.echo,pmcgyn,8,379
ipreserve.echo,ejfrme0c,8,380
ipreserve.echo,nyha0c,8,381
ipreserve.echo,inclgrp,8,382
ipreserve.echo,dz1,8,383
ipreserve.echo,dz2,8,384
ipreserve.echo,dz3,8,385
ipreserve.echo,dz4,8,386
ipreserve.echo,dz5,8,387
ipreserve.echo,dz6,8,388
ipreserve.echo,dz7,8,389
ipreserve.echo,dz8,8,390
ipreserve.echo,dz9,8,391
ipreserve.echo,dz10,8,392
ipreserve.echo,dz11,8,393
ipreserve.echo,dz12,8,394
ipreserve.echo,dz13,8,395
ipreserve.echo,dz14,8,396
ipreserve.echo,dz15,8,397
ipreserve.echo,dz16,8,398
ipreserve.echo,dz17,8,399
ipreserve.echo,lbb_ecg,8,400
ipreserve.echo,lvh_ecg,8,401
ipreserve.echo,afib_ecg,8,402
ipreserve.echo,aflut_ecg,8,403
ipreserve.echo,etioth,8,404
ipreserve.echo,bmi0,8,405
ipreserve.echo,hfdxdt,8,406
ipreserve.echo,hfdxdays,8,407
ipreserve.echo,hfdxmths,8,408
ipreserve.echo,alt0,8,409
ipreserve.echo,bilrbn0,8,410
ipreserve.echo,bun0,8,411
ipreserve.echo,k0,8,412
ipreserve.echo,na0,8,413
ipreserve.echo,hemat0,8,414
ipreserve.echo,leukoc0,8,415
ipreserve.echo,neutrop0,8,416
ipreserve.echo,plates0,8,417
ipreserve.echo,ntbnp0,8,418
ipreserve.echo,gfr0,8,419
ipreserve.echo,qol0,8,420
ipreserve.echo,anemia0,8,421
ipreserve.echo,rx1,8,422
ipreserve.echo,rx2,8,423
ipreserve.echo,rx3,8,424
ipreserve.echo,rx4,8,425
ipreserve.echo,rx5,8,426
ipreserve.echo,rx6,8,427
ipreserve.echo,rx7,8,428
ipreserve.echo,rx8,8,429
ipreserve.echo,rx9,8,430
ipreserve.echo,rx10,8,431
ipreserve.echo,rx11,8,432
ipreserve.echo,rx12,8,433
ipreserve.echo,rx13,8,434
ipreserve.echo,rx14,8,435
ipreserve.echo,rx15,8,436
ipreserve.echo,rx16,8,437
ipreserve.echo,rx17,8,438
ipreserve.echo,rx18,8,439
ipreserve.echo,rx19,8,440
ipreserve.echo,rx20,8,441
ipreserve.echo,rx21,8,442
ipreserve.echo,rx22,8,443
ipreserve.echo,rx23,8,444
ipreserve.echo,rx24,8,445
ipreserve.echo,rx25,8,446
ipreserve.echo,rx26,8,447
ipreserve.echo,rx27,8,448
ipreserve.echo,rx28,8,449
ipreserve.echo,country,8,450
ipreserve.echo,randdate,8,451
ipreserve.echo,rgn,8,452
ipreserve.echo,prmtype,8,453
ipreserve.echo,prmdate,8,454
ipreserve.echo,prmbdwn,8,455
ipreserve.echo,prmevnt,8,456
ipreserve.echo,prmtime,8,457
ipreserve.echo,dthevnt,8,458
ipreserve.echo,dthtime,8,459
ipreserve.echo,decuinvc,8,460
ipreserve.echo,decuadjc,8,461
ipreserve.echo,nncvdel,8,462
ipreserve.echo,pufal,8,463
ipreserve.echo,sudel,8,464
ipreserve.echo,hfevnt,8,465
ipreserve.echo,hftime,8,466
ipreserve.echo,hfhosp,8,467
ipreserve.echo,hfdate,8,468
ipreserve.echo,hfcomp,8,469
ipreserve.echo,xgfr0,8,470
ipreserve.echo,cvdeath,8,471
ipreserve.echo,primep,8,472
ipreserve.echo,hfd_h,8,473
ipreserve.echo,cvd_hfh,8,474
ipreserve.echo,xgfr0split,8,475
ipreserve.echo,echo,8,476
ipreserve.echo,dm,8,477
ipreserve.echo,bsa,8,478
ipreserve.echo,co,8,479
ipreserve.echo,ea,8,480
ipreserve.echo,eeratio,8,481
ipreserve.echo,largela,8,482
ipreserve.echo,lvhyp,8,483
ipreserve.echo,dias_grade,8,484
ipreserve.echo,lvbsa,8,485
ipreserve.echo,labsa,8,486
ipreserve.echo,comp,8,487
ipreserve.echo,time_comp,8,488
ipreserve.echo,rand,8,489
ipreserve.echo,sex2,8,490
ipreserve.echo,nyha,8,491
ipreserve.echo,ckdepi,8,492
ipreserve.echo,ckd,8,493
ipreserve.echo,logntbnp,8,494
ipreserve.echo,logneu,8,495
ipreserve.echo,aetiol,8,496
ipreserve.echo,ht_aet,8,497
ipreserve.echo,rac,8,498
ipreserve.echo,jvp,8,499
ipreserve.echo,ccxr,8,500
ipreserve.echo,lipid,8,501
ipreserve.echo,antipl,8,502
ipreserve.echo,hosp6mo,8,503
ipreserve.echo,bmi_cat,8,504
ipreserve.echo,age_cat,8,505
ipreserve.echo,rales,8,506
ipreserve.echo,bigliv,8,507
ipreserve.echo,edema,8,508
ipreserve.echo,ecg_af,8,509
ipreserve.echo,anemia,8,510
ipreserve.echo,insulin,8,511
ipreserve.echo,metformin,8,512
ipreserve.echo,oad,8,513
ipreserve.echo,qrs_ecg,8,514
ipreserve.echo,any_hosp,8,515
ipreserve.echo,cv_hosp,8,516
ipreserve.echo,noncv_hosp,8,517
ipreserve.echo,time_anyhosp,8,518
ipreserve.echo,time_cvhosp,8,519
ipreserve.echo,time_noncv,8,520
ipreserve.echo,n_hfhosp,8,521
ipreserve.echo,sae_pot,8,522
ipreserve.echo,sae_hyp,8,523
ipreserve.echo,sae_ckd,8,524
ipreserve.echo,sae_cough,8,525
ipreserve.echo,sae_diz,8,526
ipreserve.echo,ddisc,8,527
aimhigh.PATIENT,dtcensora6,22,699
aimhigh.PATIENT,ethn,22,700
aimhigh.CONMED,index,22,701
aimhigh.CONMED,patientkey,22,702
aimhigh.CONMED,visit,22,703
aimhigh.CONMED,cm_beta,22,704
aimhigh.CONMED,cm_ace,22,705
aimhigh.CONMED,cm_atii,22,706
aimhigh.CONMED,cm_ccb,22,707
aimhigh.CONMED,cm_diu,22,708
aimhigh.CONMED,cm_digitalis,22,709
aimhigh.CONMED,cm_nit,22,710
aimhigh.CONMED,cm_warfarin,22,711
aimhigh.CONMED,cm_aspirin,22,712
aimhigh.CONMED,cm_nsaid,22,713
aimhigh.CONMED,cm_cox2,22,714
aimhigh.CONMED,cm_plavix,22,715
aimhigh.CONMED,cm_metformin,22,716
aimhigh.CONMED,cm_tzd,22,717
aimhigh.CONMED,cm_sulu,22,718
aimhigh.CONMED,cm_insulin,22,719
aimhigh.CONMED,cm_otdiab,22,720
aimhigh.CONMED,cm_hrt,22,721
aimhigh.CONMED,cm_hrtes,22,722
aimhigh.CONMED,cm_hrtpro,22,723
aimhigh.CONMED,cm_cort,22,724
aimhigh.CONMED,cm_anitbac,22,725
aimhigh.CONMED,cm_serzone,22,726
aimhigh.CONMED,cm_antifun,22,727
aimhigh.CONMED,cm_fibric,22,728
aimhigh.CONMED,cm_cyclo,22,729
aimhigh.CONMED,cm_highvit,22,730
aimhigh.CONMED,cm_vit_c_e,22,731
aimhigh.CONMED,cm_niacin,22,732
aimhigh.CONMED,cm_niacdose,22,733
aimhigh.CONMED,cm_fishoil,22,734
aimhigh.HX,index,22,735
aimhigh.HX,patientkey,22,736
aimhigh.HX,hx_angina,22,737
aimhigh.HX,hx_acs,22,738
aimhigh.HX,hx_mi,22,739
aimhigh.HX,hx_venarr,22,740
aimhigh.HX,hx_afib,22,741
aimhigh.HX,hx_chf,22,742
aimhigh.HX,hx_ef,22,743
aimhigh.HX,hx_pe,22,744
aimhigh.HX,hx_dvt,22,745
aimhigh.HX,hx_idc,22,746
aimhigh.HX,hx_aorsten,22,747
aimhigh.HX,hx_mitregurg,22,748
aimhigh.HX,hx_hyper,22,749
aimhigh.HX,hx_tia,22,750
aimhigh.HX,hx_stroke,22,751
aimhigh.HX,hx_strokedef,22,752
aimhigh.HX,hx_aaa,22,753
aimhigh.HX,hx_pvd,22,754
aimhigh.HX,hx_carotid,22,755
aimhigh.HX,hx_famcvd,22,756
aimhigh.HX,hx_cabg,22,757
aimhigh.HX,hx_pci,22,758
aimhigh.HX,hx_pcistent,22,759
aimhigh.HX,hx_valve,22,760
aimhigh.HX,hx_aaarepair,22,761
allhat.basic_with_outcomes,choly2,23,993
allhat.basic_with_outcomes,hdly2,23,994
allhat.basic_with_outcomes,ldly2,23,995
allhat.basic_with_outcomes,fglucy2,23,996
allhat.basic_with_outcomes,ftrigy2,23,997
allhat.basic_with_outcomes,dth_status,23,998
allhat.basic_with_outcomes,dth_dt,23,999
allhat.basic_with_outcomes,mihosp_status,23,1000
allhat.basic_with_outcomes,mihosp_dt,23,1001
allhat.basic_with_outcomes,cva_status,23,1002
allhat.basic_with_outcomes,cva_dt,23,1003
allhat.basic_with_outcomes,revasc_status,23,1004
allhat.basic_with_outcomes,revasc_dt,23,1005
allhat.basic_with_outcomes,hfhosp_status,23,1006
allhat.basic_with_outcomes,hfhosp_dt,23,1007
allhat.basic_with_outcomes,hfincident_status,23,1008
allhat.basic_with_outcomes,hfincident_dt,23,1009
allhat.basic_with_outcomes,study,23,1010
bari2d.BARI2D_BL,sbp_stand,24,808
bari2d.BARI2D_BL,dbp_stand,24,809
bari2d.BARI2D_BL,screat,24,810
bari2d.BARI2D_BL,spotass,24,811
bari2d.BARI2D_BL,hxhypo,24,812
bari2d.BARI2D_BL,sex,24,813
bari2d.BARI2D_BL,cardtrt,24,814
bari2d.BARI2D_BL,diabtrt,24,815
bari2d.BARI2D_BL,educat,24,816
bari2d.BARI2D_BL,energy,24,817
bari2d.BARI2D_BL,hlthdist,24,818
bari2d.BARI2D_BL,dasi,24,819
bari2d.BARI2D_BL,angcls6w,24,820
bari2d.BARI2D_BL,hxxcartdx,24,821
bari2d.BARI2D_BL,smkcat,24,822
bari2d.BARI2D_BL,ccb,24,823
bari2d.BARI2D_BL,dmdur,24,824
bari2d.BARI2D_BL,insulin,24,825
bari2d.BARI2D_BL,waist,24,826
bari2d.BARI2D_BL,height,24,827
bari2d.BARI2D_BL,sbp_sit,24,828
bari2d.BARI2D_BL,dbp_sit,24,829
bari2d.BARI2D_BL,abi,24,830
bari2d.BARI2D_BL,mnsiscr,24,831
bari2d.BARI2D_BL,mnsicl,24,832
bari2d.BARI2D_BL,ablvef,24,833
bari2d.BARI2D_BL,qabn,24,834
bari2d.BARI2D_BL,stabn,24,835
bari2d.BARI2D_BL,tabn,24,836
bari2d.BARI2D_BL,pai1act,24,837
bari2d.BARI2D_BL,pai1ag,24,838
bari2d.BARI2D_BL,tpa,24,839
bari2d.BARI2D_BL,insul_circ,24,840
bari2d.BARI2D_BL,hba1c,24,841
bari2d.BARI2D_BL,tchol,24,842
bari2d.BARI2D_BL,hdl,24,843
bari2d.BARI2D_BL,ldl,24,844
bari2d.BARI2D_BL,trig,24,845
bari2d.BARI2D_BL,acr,24,846
bari2d.BARI2D_BL,myojeop,24,847
bari2d.BARI2D_BL,nles20,24,848
bari2d.BARI2D_BL,ntotsigles,24,849
bari2d.BARI2D_BL,ntotsig70,24,850
bari2d.BARI2D_BL,sigproxlad,24,851
bari2d.BARI2D_BL,totalocl,24,852
bari2d.BARI2D_BL,ndsregion,24,853
bari2d.BARI2D_BL,priorstent,24,854
bari2d.BARI2D_BL,priorrev,24,855
bari2d.BARI2D_BL,geographic_reg,24,856
bari2d.BARI2D_BL,hispanic,24,857
bari2d.BARI2D_BL,race,24,858
bari2d.BARI2D_BL,nhhp,24,859
bari2d.BARI2D_BL,workstat,24,860
bari2d.BARI2D_BL,age,24,861
bari2d.BARI2D_BL,rand_year,24,862
bari2d.BARI2D_BL,apa,24,863
bari2d.BARI2D_BL,pulse60_sit,24,864
bari2d.BARI2D_BL,abilow,24,865
bari2d.BARI2D_BL,bmi,24,866
bari2d.BARI2D_BL,id,24,867
bari2d.BARI2D_LONG,index,24,868
bari2d.BARI2D_LONG,fuper,24,869
bari2d.BARI2D_LONG,regex,24,870
bari2d.BARI2D_LONG,smkcurrent,24,871
bari2d.BARI2D_LONG,smk1yr,24,872
bari2d.BARI2D_LONG,weight,24,873
bari2d.BARI2D_LONG,sbp_sit,24,874
bari2d.BARI2D_LONG,dbp_sit,24,875
bari2d.BARI2D_LONG,spotass,24,876
bari2d.BARI2D_LONG,screat,24,877
bari2d.BARI2D_LONG,angeq,24,878
bari2d.BARI2D_LONG,angcls,24,879
bari2d.BARI2D_LONG,etoh,24,880
bari2d.BARI2D_LONG,slfscore,24,881
bari2d.BARI2D_LONG,mnsiscr,24,882
bari2d.BARI2D_LONG,energy,24,883
bari2d.BARI2D_LONG,hlthdist,24,884
bari2d.BARI2D_LONG,dasi,24,885
bari2d.BARI2D_LONG,sbp_stand,24,886
bari2d.BARI2D_LONG,dbp_stand,24,887
bari2d.BARI2D_LONG,waist,24,888
bari2d.BARI2D_LONG,mnsicl,24,889
bari2d.BARI2D_LONG,hba1c,24,890
bari2d.BARI2D_LONG,tchol,24,891
bari2d.BARI2D_LONG,trig,24,892
bari2d.BARI2D_LONG,ldl,24,893
bari2d.BARI2D_LONG,hdl,24,894
bari2d.BARI2D_LONG,tpa,24,895
bari2d.BARI2D_LONG,pai1act,24,896
bari2d.BARI2D_LONG,pai1ag,24,897
bari2d.BARI2D_LONG,biguanide,24,898
bari2d.BARI2D_LONG,tzd,24,899
bari2d.BARI2D_LONG,sulf,24,900
bari2d.BARI2D_LONG,megl,24,901
bari2d.BARI2D_LONG,hmg,24,902
bari2d.BARI2D_LONG,fibr,24,903
bari2d.BARI2D_LONG,niac,24,904
bari2d.BARI2D_LONG,omega,24,905
bari2d.BARI2D_LONG,amylin,24,906
bari2d.BARI2D_LONG,incrmim,24,907
bari2d.BARI2D_LONG,dpp,24,908
bari2d.BARI2D_LONG,betab,24,909
bari2d.BARI2D_LONG,acei,24,910
bari2d.BARI2D_LONG,arb,24,911
bari2d.BARI2D_LONG,diur,24,912
bari2d.BARI2D_LONG,nsgn,24,913
bari2d.BARI2D_LONG,asp,24,914
bari2d.BARI2D_LONG,ccb,24,915
bari2d.BARI2D_LONG,acr,24,916
bari2d.BARI2D_LONG,abi,24,917
bari2d.BARI2D_LONG,insul_circ,24,918
bari2d.BARI2D_LONG,insulin,24,919
bari2d.BARI2D_LONG,dayvisit,24,920
bari2d.BARI2D_LONG,pulse60_sit,24,921
bari2d.BARI2D_LONG,apa,24,922
bari2d.BARI2D_LONG,slfhlth,24,923
bari2d.BARI2D_LONG,palev,24,924
bari2d.BARI2D_LONG,bmi,24,925
bari2d.BARI2D_LONG,nhhp,24,926
bari2d.BARI2D_LONG,workstat,24,927
bari2d.BARI2D_LONG,abilow,24,928
bari2d.BARI2D_LONG,id,24,929
bari2d.BARI2D_PE,index,24,930
bari2d.BARI2D_PE,etype,24,931
bari2d.BARI2D_PE,dayevnt,24,932
bari2d.BARI2D_PE,tevnt,24,933
bari2d.BARI2D_PE,devest,24,934
bari2d.BARI2D_PE,daypvis,24,935
bari2d.BARI2D_PE,id,24,936
